character	value_extended	raw_value	window_freq
盛	1.000000	0.056686	809
睿	0.981392	0.055544	127
庆	0.951584	0.053714	358
畅	0.945954	0.053369	105
德	0.917741	0.051638	1233
隆	0.911295	0.051242	75
祥	0.894502	0.050211	304
丽	0.881002	0.049383	509
跃	0.858031	0.047973	230
洽	0.853241	0.047679	140
悦	0.852644	0.047643	135
瑞	0.839350	0.046827	504
式	0.785572	0.043526	92
禋	0.784375	0.043453	68
奕	0.778257	0.043077	54
福	0.769104	0.042516	296
礼	0.764725	0.042247	1002
秾	0.761483	0.042048	78
嘉	0.758780	0.041882	563
英	0.754522	0.041621	810
灼	0.748119	0.041228	82
贺	0.739890	0.040723	270
启	0.738648	0.040647	360
祀	0.735942	0.040481	200
焕	0.732021	0.040240	65
乐	0.726600	0.039907	2283
播	0.726579	0.039906	100
欣	0.713449	0.039100	219
献	0.712511	0.039043	624
丰	0.708858	0.038818	390
功	0.707301	0.038723	1523
秀	0.699295	0.038232	493
奉	0.696267	0.038046	580
祚	0.690251	0.037677	103
藻	0.683464	0.037260	291
宴	0.676829	0.036853	771
荐	0.671801	0.036544	486
虔	0.671728	0.036540	79
崇	0.667393	0.036274	335
液	0.666896	0.036243	186
宸	0.663385	0.036028	240
敷	0.658074	0.035702	165
颂	0.655877	0.035567	159
组	0.653454	0.035418	166
圣	0.653141	0.035399	1482
绶	0.646416	0.034986	294
合	0.645243	0.034914	1873
克	0.642691	0.034758	79
表	0.641809	0.034704	477
率	0.640711	0.034636	106
怡	0.639139	0.034540	96
擅	0.638828	0.034521	67
孝	0.633548	0.034197	222
馥	0.625511	0.033703	73
昌	0.623530	0.033582	307
葳	0.623517	0.033581	56
匈	0.621837	0.033478	61
沛	0.615659	0.033099	55
赏	0.615581	0.033094	855
俊	0.614407	0.033022	122
擢	0.614281	0.033014	66
馨	0.614223	0.033011	221
谟	0.610871	0.032805	76
檄	0.610813	0.032801	101
雄	0.607389	0.032591	859
宪	0.606425	0.032532	118
鸠	0.605854	0.032497	59
倡	0.603380	0.032345	66
薰	0.601029	0.032201	227
符	0.600678	0.032180	409
彩	0.594462	0.031798	1090
典	0.592677	0.031689	215
仗	0.592452	0.031675	326
呈	0.591710	0.031629	212
植	0.591658	0.031626	199
鼎	0.589968	0.031522	472
雅	0.587952	0.031399	401
鲸	0.587149	0.031349	187
尧	0.586539	0.031312	423
毂	0.585744	0.031263	94
棣	0.584589	0.031192	50
璧	0.582121	0.031041	249
熙	0.582056	0.031037	80
钧	0.577851	0.030779	150
侍	0.577028	0.030728	560
鲜	0.576465	0.030694	435
朗	0.576461	0.030693	181
韶	0.576378	0.030688	257
跸	0.574930	0.030599	97
叨	0.574448	0.030570	106
气	0.573681	0.030523	3411
琼	0.573342	0.030502	664
浴	0.573292	0.030499	175
湛	0.570954	0.030355	109
巍	0.569519	0.030267	67
邀	0.568558	0.030208	300
芬	0.566560	0.030086	135
政	0.565840	0.030042	470
邹	0.564161	0.029938	80
骏	0.557584	0.029535	162
运	0.556055	0.029441	337
腾	0.554167	0.029325	360
文	0.551584	0.029167	2742
誉	0.546907	0.028880	67
科	0.544779	0.028749	197
旒	0.544555	0.028735	101
邸	0.543790	0.028688	78
筐	0.543783	0.028688	75
器	0.543773	0.028687	255
谈	0.543149	0.028649	350
备	0.542805	0.028628	260
迎	0.542228	0.028592	1167
晴	0.541392	0.028541	1606
软	0.541079	0.028522	187
肃	0.540592	0.028492	390
陪	0.539819	0.028445	439
骋	0.537683	0.028314	92
专	0.537233	0.028286	176
富	0.534241	0.028102	455
振	0.531853	0.027956	397
快	0.530599	0.027879	89
葱	0.529877	0.027834	144
玩	0.529736	0.027826	266
观	0.529203	0.027793	896
芽	0.529121	0.027788	155
列	0.527291	0.027676	773
饰	0.526839	0.027648	128
媚	0.525711	0.027579	216
竞	0.524881	0.027528	336
驷	0.524359	0.027496	102
升	0.521799	0.027339	584
融	0.521266	0.027306	294
鹗	0.519909	0.027223	52
笑	0.519635	0.027206	2079
佳	0.518713	0.027149	991
戏	0.517010	0.027045	375
睹	0.515604	0.026959	204
仰	0.515574	0.026957	552
奢	0.514353	0.026882	79
妓	0.513913	0.026855	203
揖	0.513692	0.026841	144
穆	0.512412	0.026763	188
紫	0.512310	0.026756	2087
耀	0.512058	0.026741	291
仪	0.511272	0.026693	444
康	0.510358	0.026637	304
栽	0.507892	0.026485	386
和	0.507377	0.026454	1989
宰	0.503558	0.026219	247
辉	0.502226	0.026138	639
承	0.501212	0.026075	821
虹	0.500446	0.026028	294
舒	0.499440	0.025967	351
惠	0.499421	0.025965	351
颁	0.499229	0.025954	59
昭	0.498463	0.025907	485
震	0.498355	0.025900	151
混	0.498326	0.025898	161
蕤	0.497256	0.025833	88
导	0.497229	0.025831	55
汾	0.495980	0.025754	150
暖	0.495971	0.025754	1167
侠	0.493541	0.025605	107
俨	0.492324	0.025530	145
甸	0.491749	0.025495	124
让	0.491136	0.025457	225
冕	0.489942	0.025384	171
龄	0.489764	0.025373	124
茨	0.486901	0.025197	67
造	0.486832	0.025193	400
翡	0.486586	0.025178	178
忻	0.486071	0.025146	73
价	0.484624	0.025057	231
敬	0.483252	0.024973	206
庶	0.482911	0.024952	240
乘	0.482020	0.024898	1310
圃	0.481114	0.024842	202
象	0.480951	0.024832	735
禹	0.480594	0.024810	212
姹	0.480208	0.024786	53
大	0.479819	0.024762	2877
溢	0.479662	0.024753	138
淑	0.477105	0.024596	87
溜	0.476883	0.024582	155
具	0.476730	0.024573	186
滋	0.476682	0.024570	253
册	0.475938	0.024524	66
艾	0.474649	0.024445	56
豪	0.474428	0.024432	354
茂	0.474198	0.024418	274
绛	0.471452	0.024249	268
封	0.470957	0.024219	844
律	0.470364	0.024182	394
御	0.469408	0.024124	932
蹊	0.469278	0.024116	116
恣	0.468806	0.024087	217
泰	0.468609	0.024074	252
狎	0.467975	0.024036	152
什	0.467579	0.024011	59
欢	0.466815	0.023964	1462
俭	0.465995	0.023914	88
稽	0.464704	0.023835	206
浆	0.463423	0.023756	157
赐	0.458900	0.023479	387
健	0.458392	0.023447	280
闱	0.458009	0.023424	233
扆	0.457599	0.023399	58
骄	0.456302	0.023319	241
涤	0.453975	0.023176	104
绩	0.453229	0.023131	63
吉	0.451134	0.023002	132
贝	0.449410	0.022896	99
稷	0.448325	0.022830	111
衢	0.447758	0.022795	303
巧	0.447100	0.022754	286
善	0.446910	0.022743	359
讴	0.446404	0.022712	92
舸	0.445641	0.022665	92
妙	0.445222	0.022639	414
翰	0.444914	0.022620	377
蒸	0.443010	0.022504	160
名	0.442970	0.022501	3571
摘	0.441418	0.022406	235
胥	0.440321	0.022338	89
华	0.440168	0.022329	3115
元	0.439072	0.022262	1012
捷	0.438450	0.022224	83
代	0.438232	0.022210	727
擘	0.438051	0.022199	60
幡	0.436426	0.022099	117
威	0.436060	0.022077	536
神	0.435606	0.022049	2646
肆	0.434882	0.022005	93
榜	0.434856	0.022003	173
宜	0.433826	0.021940	1016
稳	0.433061	0.021893	211
府	0.432693	0.021870	859
奇	0.432132	0.021836	678
光	0.431865	0.021820	4433
漾	0.430878	0.021759	214
夹	0.430014	0.021706	267
章	0.429508	0.021675	1108
捧	0.429476	0.021673	271
剖	0.427687	0.021563	68
开	0.427064	0.021525	5074
考	0.426565	0.021494	97
示	0.426473	0.021489	136
肩	0.426138	0.021468	158
篇	0.425394	0.021422	515
瞰	0.424625	0.021375	57
宇	0.424604	0.021374	498
帛	0.423826	0.021326	148
实	0.423503	0.021306	533
伦	0.423458	0.021304	172
坤	0.421390	0.021177	316
卫	0.421243	0.021168	261
鹓	0.420648	0.021131	119
戟	0.420493	0.021122	256
聪	0.420100	0.021098	92
舜	0.419637	0.021069	210
宝	0.419043	0.021033	953
陈	0.418285	0.020986	785
骢	0.418066	0.020973	188
萼	0.417583	0.020943	152
窟	0.416707	0.020889	181
贤	0.416695	0.020889	1417
遵	0.416275	0.020863	92
赫	0.414949	0.020781	161
掖	0.414938	0.020781	181
皇	0.414732	0.020768	1329
丞	0.414626	0.020762	195
颗	0.414227	0.020737	58
趣	0.414002	0.020723	335
仙	0.413943	0.020720	3330
猎	0.413837	0.020713	344
句	0.413379	0.020685	718
沿	0.413237	0.020676	146
资	0.412976	0.020660	382
偃	0.412401	0.020625	247
帖	0.411243	0.020554	73
嶂	0.411182	0.020550	225
纶	0.409723	0.020461	246
籥	0.408972	0.020415	50
降	0.408417	0.020381	706
制	0.408173	0.020366	291
嫩	0.407939	0.020351	229
寰	0.407107	0.020300	183
乾	0.406979	0.020292	383
艳	0.406943	0.020290	718
协	0.406514	0.020264	50
宙	0.406332	0.020253	91
夺	0.406279	0.020249	228
景	0.405718	0.020215	1972
哲	0.405639	0.020210	121
褒	0.405471	0.020200	88
芳	0.405283	0.020188	2617
争	0.405012	0.020172	1380
荇	0.404262	0.020126	52
敞	0.403811	0.020098	92
法	0.403230	0.020062	550
壶	0.402340	0.020008	614
曹	0.402244	0.020002	399
选	0.402216	0.020000	214
铺	0.401383	0.019949	276
刻	0.400560	0.019898	240
建	0.398602	0.019778	370
称	0.398119	0.019749	857
史	0.396973	0.019678	608
申	0.396296	0.019637	166
贵	0.395995	0.019618	1343
适	0.395869	0.019610	502
驰	0.395570	0.019592	514
舆	0.395456	0.019585	333
逸	0.395371	0.019580	496
印	0.394775	0.019543	456
辰	0.393041	0.019437	470
九	0.392331	0.019393	2394
掇	0.392031	0.019375	75
濯	0.391771	0.019359	238
既	0.390590	0.019286	860
豫	0.390450	0.019278	131
位	0.389185	0.019200	363
布	0.388758	0.019174	489
亩	0.388662	0.019168	178
邦	0.388485	0.019157	194
宗	0.388437	0.019154	506
佐	0.388017	0.019129	281
美	0.387583	0.019102	1035
沽	0.387570	0.019101	156
爰	0.387540	0.019099	69
眺	0.387377	0.019089	165
祗	0.387316	0.019086	57
黍	0.387112	0.019073	224
珂	0.386684	0.019047	107
祷	0.386487	0.019035	58
品	0.386470	0.019034	163
耸	0.386162	0.019015	185
鹏	0.386032	0.019007	154
苞	0.386000	0.019005	71
伫	0.385528	0.018976	246
禁	0.385459	0.018972	726
麹	0.385225	0.018957	59
忝	0.385114	0.018950	224
通	0.384176	0.018893	1965
抟	0.383996	0.018882	59
瞻	0.383740	0.018866	316
绅	0.382817	0.018809	59
助	0.382733	0.018804	279
霞	0.381752	0.018744	1633
温	0.381053	0.018701	266
菲	0.380581	0.018672	234
设	0.380302	0.018655	167
谬	0.380028	0.018638	143
服	0.379978	0.018635	572
夸	0.379051	0.018578	347
鞭	0.378573	0.018549	499
稼	0.378224	0.018528	123
则	0.378182	0.018525	241
昆	0.377751	0.018499	309
探	0.377719	0.018497	254
铅	0.377541	0.018486	153
浮	0.377146	0.018461	1970
按	0.377057	0.018456	141
署	0.376482	0.018421	237
纪	0.374964	0.018328	199
榼	0.374583	0.018304	59
藉	0.374519	0.018300	228
灵	0.373492	0.018237	1774
彦	0.373015	0.018208	81
检	0.372247	0.018161	118
接	0.372029	0.018147	1029
峻	0.371835	0.018136	160
齐	0.371807	0.018134	974
兆	0.371695	0.018127	116
莱	0.371340	0.018105	327
街	0.371320	0.018104	273
用	0.371243	0.018099	1296
注	0.371034	0.018086	200
喜	0.370933	0.018080	1230
饵	0.369949	0.018020	133
清	0.369384	0.017985	7222
宾	0.369116	0.017969	653
筵	0.367966	0.017898	721
旬	0.367332	0.017859	212
钦	0.367319	0.017858	72
镇	0.367078	0.017844	277
醴	0.366971	0.017837	83
旂	0.366827	0.017828	56
避	0.366732	0.017822	606
钺	0.366669	0.017818	80
澄	0.366041	0.017780	560
廓	0.364983	0.017715	123
倾	0.364887	0.017709	1009
的	0.364822	0.017705	149
词	0.364749	0.017701	738
拂	0.364302	0.017673	1397
鉴	0.363965	0.017653	230
会	0.362849	0.017584	1601
跨	0.361807	0.017520	94
陌	0.361499	0.017501	702
联	0.360707	0.017453	279
曳	0.360558	0.017443	203
挹	0.360540	0.017442	87
夭	0.360517	0.017441	156
舞	0.359770	0.017395	1762
济	0.359365	0.017370	449
拜	0.358619	0.017324	731
才	0.358325	0.017306	2080
护	0.358044	0.017289	275
踏	0.357918	0.017281	378
隐	0.357803	0.017274	1463
憩	0.356815	0.017214	90
袍	0.356700	0.017207	301
锡	0.356657	0.017204	310
展	0.356589	0.017200	439
比	0.356198	0.017176	800
进	0.356078	0.017169	401
电	0.355701	0.017145	236
觞	0.355667	0.017143	410
六	0.355313	0.017122	1171
旷	0.355094	0.017108	424
妍	0.354878	0.017095	213
蚁	0.354060	0.017045	164
斩	0.352497	0.016949	143
新	0.352454	0.016946	5118
类	0.352226	0.016932	258
味	0.351982	0.016917	407
等	0.351728	0.016902	272
状	0.351326	0.016877	210
施	0.351262	0.016873	333
阊	0.351236	0.016871	116
利	0.351130	0.016865	591
讼	0.350996	0.016857	81
谅	0.350714	0.016839	105
决	0.350284	0.016813	176
卿	0.350051	0.016799	536
汴	0.350040	0.016798	71
縠	0.349661	0.016775	53
酿	0.349610	0.016772	62
遐	0.349064	0.016738	194
屿	0.348335	0.016693	149
夔	0.347342	0.016632	66
扬	0.346901	0.016605	798
召	0.346563	0.016585	172
择	0.346405	0.016575	96
五	0.345870	0.016542	3050
盖	0.345162	0.016499	702
嵩	0.345042	0.016491	334
球	0.345039	0.016491	103
畿	0.344467	0.016456	82
陆	0.344306	0.016446	355
鹅	0.344295	0.016445	107
试	0.344098	0.016433	527
趋	0.343731	0.016411	499
淳	0.343458	0.016394	82
广	0.343207	0.016379	587
采	0.343122	0.016373	915
金	0.342912	0.016361	6225
筹	0.342783	0.016353	163
渊	0.342774	0.016352	94
勇	0.342598	0.016341	136
匪	0.342470	0.016333	149
杂	0.342138	0.016313	437
墀	0.341891	0.016298	238
肢	0.341739	0.016289	54
太	0.341628	0.016282	1641
箓	0.341380	0.016266	86
京	0.340821	0.016232	985
兴	0.340794	0.016231	1683
祝	0.340124	0.016189	190
泽	0.340097	0.016188	756
蕊	0.340038	0.016184	335
猷	0.339867	0.016174	102
央	0.339725	0.016165	197
爱	0.339472	0.016149	1850
佩	0.339116	0.016128	481
谒	0.338794	0.016108	338
义	0.338069	0.016063	530
蹋	0.337281	0.016015	159
化	0.337058	0.016001	1307
邑	0.337044	0.016000	475
兽	0.336486	0.015966	246
训	0.336346	0.015958	72
镂	0.336247	0.015951	82
氏	0.335604	0.015912	345
芝	0.335189	0.015887	388
录	0.335132	0.015883	63
雕	0.335000	0.015875	561
峨	0.334196	0.015826	292
欻	0.334175	0.015824	56
熏	0.333886	0.015807	158
领	0.333319	0.015772	308
闰	0.333228	0.015766	56
焰	0.333143	0.015761	232
汤	0.332691	0.015733	198
膝	0.332001	0.015691	129
蔼	0.331575	0.015665	117
映	0.330555	0.015602	1282
盐	0.330140	0.015577	123
束	0.330039	0.015571	374
务	0.329951	0.015565	170
爽	0.329710	0.015550	221
内	0.329152	0.015516	920
哉	0.328993	0.015506	522
骑	0.328517	0.015477	1314
摆	0.328479	0.015475	81
绮	0.328369	0.015468	726
周	0.328274	0.015462	829
塔	0.328028	0.015447	221
希	0.327947	0.015442	243
假	0.327748	0.015430	300
亏	0.327619	0.015422	99
玄	0.327502	0.015415	1081
氤	0.327360	0.015406	57
络	0.327292	0.015402	118
妒	0.326203	0.015335	199
春	0.325392	0.015285	10417
察	0.325033	0.015263	54
娇	0.324964	0.015259	512
屯	0.324528	0.015232	165
毫	0.324070	0.015204	343
肥	0.324057	0.015203	279
阙	0.323459	0.015167	1168
焉	0.323457	0.015167	331
方	0.322492	0.015107	3694
测	0.322432	0.015104	116
令	0.322399	0.015102	1398
熊	0.322394	0.015101	132
骧	0.322296	0.015095	59
安	0.322241	0.015092	2906
弄	0.321811	0.015066	690
儒	0.321678	0.015057	541
辔	0.321657	0.015056	130
贞	0.320523	0.014987	402
顺	0.320277	0.014971	178
羲	0.320011	0.014955	126
渠	0.319374	0.014916	249
雉	0.318743	0.014877	177
陋	0.318704	0.014875	96
咏	0.318581	0.014867	696
酌	0.318567	0.014866	438
楹	0.318153	0.014841	120
愿	0.317652	0.014810	1425
披	0.317445	0.014798	666
职	0.317216	0.014784	245
坊	0.316473	0.014738	98
霓	0.316026	0.014711	244
冠	0.315682	0.014689	877
斯	0.315483	0.014677	575
趁	0.315470	0.014676	145
冒	0.314971	0.014646	106
涌	0.314888	0.014641	108
治	0.314816	0.014636	107
物	0.314263	0.014602	2146
鼍	0.314201	0.014599	59
霭	0.313948	0.014583	344
牡	0.313839	0.014576	142
尹	0.313808	0.014574	120
恬	0.313310	0.014544	65
谣	0.313213	0.014538	157
顷	0.312808	0.014513	212
谐	0.312464	0.014492	113
辟	0.312038	0.014466	290
唐	0.311650	0.014442	345
固	0.311425	0.014428	429
棋	0.310947	0.014399	314
邪	0.310088	0.014346	151
退	0.309976	0.014339	444
豁	0.309966	0.014339	155
隈	0.308978	0.014278	121
八	0.308934	0.014275	1046
配	0.308718	0.014262	116
洁	0.308616	0.014256	326
饶	0.307785	0.014205	357
属	0.307782	0.014205	580
鞍	0.307562	0.014191	317
买	0.305935	0.014091	446
杭	0.305865	0.014087	62
蹈	0.305734	0.014079	60
盆	0.304215	0.013986	96
圆	0.303856	0.013964	609
夏	0.303544	0.013945	872
甫	0.303512	0.013943	110
受	0.303168	0.013921	538
珮	0.302828	0.013901	214
候	0.301973	0.013848	513
霁	0.301137	0.013797	453
着	0.300646	0.013767	52
柄	0.299997	0.013727	117
养	0.299989	0.013726	554
射	0.299951	0.013724	423
堑	0.299744	0.013711	59
沐	0.298839	0.013656	145
雷	0.298837	0.013656	691
蹀	0.298785	0.013652	53
编	0.298290	0.013622	172
帝	0.297616	0.013581	1743
酣	0.297374	0.013566	297
朵	0.297364	0.013565	144
佛	0.297266	0.013559	394
好	0.296914	0.013538	2616
戒	0.296697	0.013524	181
劚	0.296194	0.013493	81
阜	0.294776	0.013406	74
遇	0.294360	0.013381	821
遨	0.293698	0.013340	61
果	0.293544	0.013331	469
明	0.293229	0.013311	6425
瓯	0.292430	0.013262	94
锦	0.292139	0.013245	1328
荣	0.292080	0.013241	1179
轻	0.291920	0.013231	2587
灾	0.291848	0.013227	103
盘	0.291819	0.013225	938
扪	0.291758	0.013221	68
肘	0.291425	0.013201	67
缀	0.291367	0.013197	228
盼	0.291187	0.013186	66
传	0.291006	0.013175	1927
眄	0.290440	0.013140	64
娱	0.290059	0.013117	234
苑	0.289357	0.013074	788
精	0.289351	0.013073	902
龙	0.289170	0.013062	3589
栋	0.289161	0.013062	152
工	0.288932	0.013048	303
勒	0.288841	0.013042	175
番	0.288625	0.013029	66
尊	0.288420	0.013016	905
墨	0.287977	0.012989	310
荡	0.287955	0.012988	623
辇	0.287833	0.012980	328
姿	0.287394	0.012953	398
势	0.287280	0.012946	734
阆	0.287078	0.012934	61
或	0.286835	0.012919	398
樽	0.286735	0.012913	373
迩	0.286409	0.012893	69
旨	0.286357	0.012890	155
陟	0.286302	0.012886	117
驭	0.286142	0.012877	192
耕	0.285441	0.012834	600
殿	0.285434	0.012833	1344
逍	0.285411	0.012832	215
持	0.285325	0.012826	1021
吐	0.285204	0.012819	378
茗	0.285150	0.012816	150
蛰	0.285120	0.012814	99
俗	0.284506	0.012776	968
遂	0.284258	0.012761	738
甲	0.284213	0.012758	466
渥	0.283745	0.012729	81
戴	0.283663	0.012724	261
郸	0.283620	0.012722	76
武	0.283352	0.012705	1023
邯	0.283254	0.012699	77
局	0.282676	0.012664	156
讶	0.281466	0.012590	141
毕	0.280913	0.012556	274
虬	0.280280	0.012517	107
蕖	0.279999	0.012500	63
削	0.279938	0.012496	130
理	0.279822	0.012489	861
众	0.278659	0.012417	831
动	0.278549	0.012411	2279
丹	0.278357	0.012399	1801
赵	0.278322	0.012397	258
题	0.277067	0.012320	725
幸	0.277059	0.012319	925
喧	0.276755	0.012301	712
序	0.276430	0.012281	169
敌	0.276425	0.012280	304
鱼	0.276379	0.012277	1937
许	0.276328	0.012274	968
致	0.275862	0.012246	484
旃	0.275732	0.012238	79
蝇	0.275066	0.012197	87
抗	0.274623	0.012170	51
业	0.274391	0.012155	762
柔	0.274243	0.012146	251
暇	0.274070	0.012136	297
烂	0.273830	0.012121	259
炭	0.273718	0.012114	66
场	0.273401	0.012095	456
历	0.272871	0.012062	598
醅	0.272582	0.012044	56
笔	0.272178	0.012020	767
术	0.271984	0.012008	303
基	0.271736	0.011992	135
曜	0.271498	0.011978	113
姓	0.271205	0.011960	418
醪	0.271034	0.011949	134
变	0.271030	0.011949	1055
额	0.270904	0.011941	93
牧	0.270901	0.011941	280
珑	0.270734	0.011931	132
繁	0.270653	0.011926	880
渭	0.270438	0.011913	412
翔	0.270240	0.011901	316
裙	0.270227	0.011900	254
士	0.269995	0.011886	1447
视	0.269638	0.011864	363
求	0.269449	0.011852	1209
啭	0.269438	0.011851	145
总	0.269155	0.011834	350
全	0.268998	0.011824	866
觥	0.268966	0.011823	63
地	0.268757	0.011810	4770
阁	0.268678	0.011805	1628
扇	0.268675	0.011805	502
天	0.268603	0.011800	11270
秘	0.268344	0.011784	180
伊	0.268023	0.011765	485
沸	0.267880	0.011756	84
颇	0.267800	0.011751	237
以	0.267640	0.011741	1749
授	0.267502	0.011733	210
洛	0.267352	0.011723	1242
充	0.266932	0.011698	149
骊	0.266906	0.011696	174
珍	0.266698	0.011683	394
输	0.266677	0.011682	202
规	0.266339	0.011661	258
次	0.266221	0.011654	408
杯	0.266040	0.011643	1460
绳	0.265974	0.011639	190
袁	0.265208	0.011592	70
祇	0.265098	0.011585	80
刷	0.263740	0.011502	51
略	0.263713	0.011500	264
躅	0.263497	0.011487	107
俦	0.263231	0.011471	136
笙	0.263201	0.011469	517
宣	0.263007	0.011457	397
练	0.262994	0.011456	215
鼓	0.262834	0.011446	1038
绡	0.262552	0.011429	134
橘	0.262508	0.011426	261
茵	0.262224	0.011409	106
诣	0.261965	0.011393	58
葵	0.261505	0.011365	113
览	0.261256	0.011349	218
乎	0.260780	0.011320	121
傲	0.260032	0.011274	175
薛	0.259982	0.011271	59
瀛	0.259970	0.011270	180
举	0.259752	0.011257	882
座	0.259242	0.011226	420
蝶	0.258679	0.011191	507
蕴	0.258548	0.011183	65
超	0.258532	0.011182	249
替	0.258318	0.011169	81
告	0.258152	0.011159	192
宛	0.257917	0.011144	359
良	0.257912	0.011144	1076
发	0.257868	0.011141	3312
银	0.257701	0.011131	876
戢	0.257355	0.011110	54
装	0.257037	0.011090	227
寿	0.256153	0.011036	512
陛	0.255818	0.011016	84
掾	0.255759	0.011012	65
翼	0.255693	0.011008	528
桃	0.255537	0.010998	1527
保	0.255488	0.010995	301
烹	0.255403	0.010990	163
岩	0.255213	0.010978	1239
始	0.255048	0.010968	1641
契	0.255026	0.010967	232
洪	0.254555	0.010938	273
凰	0.254352	0.010926	375
瑕	0.254044	0.010907	77
鹿	0.254006	0.010904	487
袖	0.253829	0.010894	627
闾	0.253571	0.010878	204
先	0.253498	0.010873	2070
苟	0.252951	0.010840	159
坛	0.252909	0.010837	524
拱	0.252449	0.010809	102
浇	0.252356	0.010803	78
柘	0.252210	0.010794	121
顿	0.252133	0.010789	156
足	0.251594	0.010756	1607
标	0.251221	0.010733	232
疆	0.250849	0.010711	149
掌	0.250840	0.010710	375
矜	0.250545	0.010692	214
缈	0.250505	0.010690	88
个	0.250382	0.010682	265
且	0.250131	0.010667	1897
辈	0.249893	0.010652	266
润	0.249494	0.010627	349
桂	0.249493	0.010627	1362
臣	0.248878	0.010590	1213
藩	0.248604	0.010573	149
蜡	0.248364	0.010558	129
就	0.248228	0.010550	595
愧	0.247954	0.010533	579
虾	0.247875	0.010528	50
粲	0.247802	0.010524	117
笋	0.247664	0.010515	228
簪	0.247394	0.010499	496
案	0.247111	0.010481	194
真	0.246708	0.010456	1805
斗	0.246404	0.010438	1150
仁	0.245890	0.010406	386
耽	0.245880	0.010406	97
悬	0.245864	0.010405	1010
颈	0.245677	0.010393	84
县	0.245160	0.010362	599
梨	0.245130	0.010360	307
罍	0.245048	0.010355	94
纹	0.244932	0.010348	110
幄	0.244919	0.010347	86
皆	0.244843	0.010342	1646
溟	0.244839	0.010342	316
油	0.244796	0.010339	128
渌	0.244733	0.010335	107
玲	0.244710	0.010334	116
嬉	0.244501	0.010321	54
论	0.244431	0.010317	1057
出	0.244029	0.010292	5364
攒	0.243696	0.010272	192
遑	0.243513	0.010260	76
蹑	0.243100	0.010235	127
銮	0.242827	0.010218	152
乏	0.242763	0.010214	123
凯	0.242449	0.010195	69
螭	0.242350	0.010189	86
羹	0.242063	0.010171	84
俎	0.241793	0.010155	111
奠	0.241628	0.010145	144
公	0.241617	0.010144	2878
喻	0.241508	0.010137	91
鬣	0.241435	0.010133	59
敕	0.240853	0.010097	74
突	0.240732	0.010090	144
添	0.240351	0.010066	585
农	0.240193	0.010057	355
步	0.239962	0.010043	1373
瓶	0.239834	0.010035	276
道	0.239693	0.010026	5578
蓝	0.239603	0.010020	157
凤	0.239403	0.010008	2016
皎	0.239204	0.009996	257
郑	0.239074	0.009988	185
苗	0.239071	0.009988	248
麒	0.238765	0.009969	98
侯	0.238540	0.009955	1107
习	0.238475	0.009951	208
胆	0.238473	0.009951	165
蒲	0.238330	0.009942	447
浓	0.237901	0.009916	507
诺	0.237789	0.009909	75
班	0.237611	0.009898	292
待	0.237597	0.009897	1654
初	0.237582	0.009896	3185
楫	0.237446	0.009888	222
成	0.237335	0.009881	4499
津	0.237032	0.009863	713
轩	0.236785	0.009848	1103
仕	0.236571	0.009834	93
晋	0.236085	0.009805	306
溯	0.235917	0.009794	60
岳	0.235900	0.009793	862
邮	0.234757	0.009723	64
煌	0.234735	0.009722	90
弱	0.234660	0.009717	327
车	0.234619	0.009715	1958
菜	0.234043	0.009679	88
张	0.233250	0.009631	830
特	0.232977	0.009614	155
褭	0.232879	0.009608	63
暂	0.232628	0.009592	1047
七	0.232574	0.009589	814
凌	0.232530	0.009586	752
麾	0.231899	0.009548	126
载	0.231602	0.009529	991
包	0.231269	0.009509	84
源	0.231255	0.009508	613
蕙	0.231181	0.009504	303
翘	0.230806	0.009481	133
缥	0.230736	0.009476	122
鄙	0.230690	0.009474	113
旌	0.230628	0.009470	880
潭	0.230582	0.009467	645
净	0.230372	0.009454	639
驹	0.229940	0.009427	73
即	0.229867	0.009423	1116
主	0.229807	0.009419	1721
兼	0.229482	0.009399	826
飖	0.229467	0.009398	139
盈	0.229225	0.009384	634
瞥	0.228420	0.009334	53
占	0.228384	0.009332	358
蜜	0.228074	0.009313	59
讲	0.227981	0.009307	186
萦	0.227565	0.009282	375
博	0.227402	0.009272	157
辅	0.226977	0.009246	99
苒	0.226898	0.009241	52
倩	0.226855	0.009238	68
旭	0.226809	0.009235	103
携	0.226559	0.009220	934
掷	0.226515	0.009217	258
茶	0.225939	0.009182	386
鳞	0.225930	0.009181	501
费	0.225605	0.009161	152
飏	0.225594	0.009161	96
拍	0.224876	0.009117	113
旋	0.224448	0.009090	559
彤	0.224058	0.009066	117
贡	0.223891	0.009056	153
凫	0.223453	0.009029	212
霸	0.223451	0.009029	162
王	0.223431	0.009028	3099
胎	0.223329	0.009022	87
翩	0.223276	0.009019	250
酝	0.223017	0.009003	69
样	0.222629	0.008979	109
素	0.222563	0.008975	1155
熟	0.222533	0.008973	480
莺	0.222447	0.008968	998
管	0.222091	0.008946	901
卉	0.221985	0.008939	71
掉	0.221778	0.008927	100
纲	0.221774	0.008926	86
娃	0.221713	0.008923	107
百	0.221705	0.008922	2957
勋	0.221610	0.008916	234
霄	0.221573	0.008914	703
调	0.221517	0.008911	767
卮	0.220940	0.008875	116
峣	0.220879	0.008871	55
节	0.220760	0.008864	1715
棱	0.220729	0.008862	133
侧	0.220180	0.008829	382
炼	0.220042	0.008820	238
洄	0.219347	0.008777	52
聚	0.219140	0.008765	373
右	0.218836	0.008746	349
简	0.218453	0.008723	300
拔	0.218427	0.008721	195
蜂	0.218175	0.008705	189
蔬	0.218163	0.008705	159
缨	0.218113	0.008702	343
酒	0.218102	0.008701	4731
命	0.217762	0.008680	1263
吕	0.217761	0.008680	98
延	0.217723	0.008678	491
履	0.217600	0.008670	430
扈	0.217259	0.008649	72
池	0.217185	0.008645	2500
岷	0.217170	0.008644	62
锄	0.217152	0.008643	143
宫	0.216514	0.008604	2876
伐	0.216511	0.008603	181
欠	0.216451	0.008600	84
极	0.216430	0.008598	1107
旗	0.216411	0.008597	863
梁	0.216257	0.008588	1073
奴	0.216111	0.008579	173
彻	0.216085	0.008577	340
小	0.216039	0.008574	2363
要	0.215745	0.008556	599
珪	0.215739	0.008556	104
恩	0.215736	0.008556	1947
队	0.215697	0.008553	56
骝	0.215602	0.008548	91
皓	0.215595	0.008547	243
星	0.215289	0.008528	1986
阖	0.215165	0.008521	115
彰	0.215122	0.008518	82
丸	0.215059	0.008514	95
登	0.214866	0.008502	1965
监	0.214636	0.008488	79
岚	0.214430	0.008476	267
稻	0.214214	0.008462	237
取	0.214202	0.008462	1047
乙	0.214137	0.008458	57
诸	0.213806	0.008437	888
像	0.213806	0.008437	147
显	0.213771	0.008435	76
矛	0.213390	0.008412	62
胜	0.213008	0.008388	1528
龟	0.212903	0.008382	322
阵	0.212745	0.008372	286
钿	0.212740	0.008372	198
窈	0.212620	0.008365	136
创	0.212480	0.008356	64
乞	0.212054	0.008330	281
弥	0.211909	0.008321	293
及	0.211778	0.008313	1196
密	0.211352	0.008287	558
飞	0.211314	0.008284	5243
厦	0.211231	0.008279	61
嘲	0.211180	0.008276	58
贯	0.210889	0.008258	146
奚	0.210872	0.008257	59
茧	0.210457	0.008232	56
幢	0.210271	0.008220	125
兹	0.209488	0.008172	842
轮	0.209176	0.008153	748
萌	0.208064	0.008085	51
达	0.207993	0.008081	633
悟	0.207814	0.008070	280
朝	0.207164	0.008030	5352
斟	0.207142	0.008028	97
满	0.207063	0.008024	4154
诚	0.206873	0.008012	653
屐	0.206538	0.007991	136
款	0.206502	0.007989	108
婢	0.206418	0.007984	68
吃	0.206410	0.007983	80
梓	0.206257	0.007974	64
困	0.206209	0.007971	213
司	0.206163	0.007968	397
羽	0.205829	0.007948	1405
放	0.205757	0.007943	694
尉	0.205714	0.007941	197
徇	0.205684	0.007939	76
园	0.205096	0.007903	1839
航	0.205076	0.007902	78
若	0.205023	0.007898	2545
诏	0.204955	0.007894	561
耻	0.203979	0.007834	219
蛇	0.203832	0.007825	317
陶	0.203792	0.007823	538
躬	0.203782	0.007822	169
膻	0.203489	0.007804	94
殊	0.203357	0.007796	832
诗	0.203231	0.007788	3084
坞	0.203204	0.007787	117
徐	0.203192	0.007786	305
花	0.203156	0.007784	10580
绿	0.202889	0.007767	2675
奏	0.202816	0.007763	620
醉	0.202792	0.007761	2863
层	0.202743	0.007758	471
缑	0.202674	0.007754	62
便	0.202669	0.007754	1306
泠	0.202526	0.007745	212
借	0.202004	0.007713	640
谢	0.201992	0.007712	1468
贮	0.201657	0.007692	136
援	0.201618	0.007689	112
潘	0.201431	0.007678	178
炉	0.201398	0.007676	684
推	0.201204	0.007664	464
顾	0.201200	0.007664	1099
犊	0.201158	0.007661	77
遍	0.200626	0.007629	767
瓜	0.200622	0.007628	157
梅	0.200334	0.007611	939
谓	0.200180	0.007601	457
访	0.200014	0.007591	719
预	0.199998	0.007590	119
攀	0.199935	0.007586	814
茸	0.199759	0.007575	106
产	0.199342	0.007550	88
格	0.199253	0.007544	194
辄	0.199021	0.007530	55
体	0.197788	0.007454	348
亚	0.197652	0.007446	162
揭	0.197277	0.007423	70
帽	0.197239	0.007421	148
二	0.197146	0.007415	1916
据	0.196992	0.007405	77
四	0.196904	0.007400	2558
季	0.196306	0.007363	200
派	0.196091	0.007350	101
吾	0.195965	0.007342	1669
幂	0.195951	0.007342	53
泥	0.195657	0.007324	949
惟	0.195072	0.007288	1120
驾	0.194977	0.007282	575
香	0.194787	0.007270	4177
蟾	0.194459	0.007250	193
晞	0.194027	0.007224	51
架	0.193961	0.007219	174
烈	0.193898	0.007216	173
请	0.193848	0.007213	386
三	0.193597	0.007197	5666
判	0.193507	0.007192	86
鬟	0.193255	0.007176	198
辨	0.193067	0.007165	318
材	0.192916	0.007155	253
袭	0.192832	0.007150	86
蘋	0.192797	0.007148	339
境	0.192655	0.007139	605
害	0.192641	0.007138	116
均	0.192628	0.007138	179
妨	0.192530	0.007132	366
游	0.192528	0.007132	4156
玳	0.191924	0.007094	95
高	0.191916	0.007094	6819
玉	0.191799	0.007087	5850
绽	0.191758	0.007084	98
击	0.191597	0.007074	305
邺	0.191461	0.007066	72
群	0.191260	0.007054	1472
濛	0.190571	0.007011	208
翦	0.190388	0.007000	134
毡	0.190012	0.006977	81
驼	0.189865	0.006968	55
扫	0.189860	0.006968	681
濑	0.189627	0.006954	109
羡	0.189511	0.006946	624
贻	0.189403	0.006940	113
宁	0.189019	0.006916	1039
坼	0.188942	0.006911	98
置	0.188616	0.006891	372
践	0.188512	0.006885	143
涵	0.188504	0.006885	147
襄	0.188016	0.006855	218
鸳	0.187859	0.006845	585
瑚	0.187714	0.006836	110
凿	0.187337	0.006813	265
排	0.187159	0.006802	282
樱	0.187031	0.006794	145
童	0.186831	0.006782	724
海	0.186601	0.006768	4068
必	0.186524	0.006763	939
逐	0.186426	0.006757	1523
屡	0.185550	0.006703	331
讵	0.185528	0.006702	356
辕	0.185168	0.006680	184
翊	0.184930	0.006665	60
质	0.184886	0.006663	311
字	0.184659	0.006649	871
宠	0.184181	0.006619	398
竖	0.184141	0.006617	55
倒	0.183817	0.006597	489
纤	0.183225	0.006561	376
碣	0.182695	0.006528	64
集	0.182247	0.006501	433
丘	0.182088	0.006491	718
阗	0.181811	0.006474	60
尝	0.181706	0.006467	534
轴	0.181697	0.006467	126
咸	0.181542	0.006457	364
簿	0.181416	0.006450	95
勿	0.181354	0.006446	396
须	0.181351	0.006446	2374
提	0.181340	0.006445	305
第	0.181289	0.006442	692
厨	0.181175	0.006435	164
社	0.181143	0.006433	358
惬	0.181095	0.006430	160
捐	0.181027	0.006426	124
韦	0.180956	0.006421	110
浅	0.180683	0.006405	735
储	0.180483	0.006392	99
姑	0.180208	0.006375	259
俟	0.179950	0.006360	76
梯	0.179761	0.006348	231
腕	0.179521	0.006333	77
蔓	0.179447	0.006329	207
燎	0.179359	0.006323	53
敦	0.179314	0.006321	82
貔	0.178922	0.006297	51
摩	0.178880	0.006294	126
并	0.178596	0.006277	714
尺	0.178328	0.006260	857
簇	0.178089	0.006245	173
钓	0.178002	0.006240	975
秩	0.177810	0.006228	135
磴	0.177349	0.006200	99
冲	0.177129	0.006186	478
镜	0.176817	0.006167	1349
染	0.176532	0.006150	383
左	0.176041	0.006120	373
琐	0.175922	0.006112	162
搜	0.175603	0.006093	236
期	0.175561	0.006090	2432
郡	0.175492	0.006086	952
郁	0.175344	0.006077	396
船	0.175323	0.006076	1188
参	0.175121	0.006063	723
颍	0.174839	0.006046	116
段	0.174691	0.006037	83
色	0.173758	0.005980	4796
与	0.173708	0.005977	5012
彭	0.173608	0.005970	183
恭	0.172995	0.005933	165
匝	0.172838	0.005923	120
凡	0.172524	0.005904	295
桥	0.172119	0.005879	1107
细	0.171956	0.005869	1140
志	0.171845	0.005862	689
滑	0.171819	0.005861	170
卜	0.171569	0.005845	236
粗	0.171503	0.005841	137
卷	0.171495	0.005841	1234
瓢	0.171143	0.005819	112
偷	0.170872	0.005802	317
仇	0.170777	0.005797	86
策	0.170381	0.005772	572
拙	0.170268	0.005765	258
平	0.170029	0.005751	3425
浣	0.169927	0.005745	132
漉	0.169611	0.005725	52
掬	0.169429	0.005714	57
燕	0.168943	0.005684	1519
妖	0.168825	0.005677	236
再	0.168752	0.005672	728
插	0.168681	0.005668	189
钱	0.168495	0.005657	638
雏	0.167523	0.005597	266
补	0.167345	0.005586	165
妄	0.167294	0.005583	78
铜	0.167292	0.005583	423
都	0.167152	0.005574	1136
焚	0.166977	0.005563	415
构	0.166772	0.005551	139
鸭	0.166749	0.005549	77
千	0.166717	0.005548	5835
丈	0.166642	0.005543	501
铃	0.166235	0.005518	108
俯	0.166069	0.005508	281
石	0.165910	0.005498	4138
瑁	0.165776	0.005490	69
壮	0.165702	0.005485	646
拥	0.165542	0.005475	608
妆	0.165517	0.005474	695
徒	0.165473	0.005471	1433
获	0.164713	0.005424	146
强	0.164312	0.005400	676
箔	0.164260	0.005397	100
裹	0.163889	0.005374	88
继	0.163882	0.005374	300
杰	0.163796	0.005368	83
挈	0.163420	0.005345	59
仿	0.163374	0.005342	135
阳	0.163086	0.005325	4296
聊	0.163022	0.005321	542
绣	0.163015	0.005320	752
图	0.163003	0.005320	802
也	0.162914	0.005314	525
蒙	0.161773	0.005244	472
荫	0.161554	0.005231	112
漪	0.161520	0.005229	59
麻	0.161480	0.005226	276
剧	0.161266	0.005213	138
庄	0.161197	0.005209	222
台	0.161123	0.005204	3153
浑	0.160587	0.005171	291
互	0.160562	0.005170	115
籁	0.160499	0.005166	140
兵	0.160081	0.005140	1266
尾	0.160055	0.005139	336
俄	0.159548	0.005108	146
篁	0.159442	0.005101	159
葛	0.159419	0.005100	200
挟	0.159284	0.005091	79
土	0.159221	0.005087	969
鲈	0.159019	0.005075	96
引	0.158562	0.005047	1103
杖	0.158357	0.005034	474
压	0.158341	0.005033	380
麟	0.158243	0.005027	275
札	0.158058	0.005016	132
性	0.157978	0.005011	820
剪	0.157956	0.005010	292
僚	0.157947	0.005009	93
席	0.157811	0.005001	739
巡	0.157686	0.004993	337
腻	0.157358	0.004973	127
报	0.157215	0.004964	1103
跻	0.157094	0.004957	95
歌	0.156742	0.004935	3874
漱	0.156495	0.004920	148
控	0.155880	0.004882	87
鼻	0.155685	0.004870	99
谋	0.155333	0.004849	357
卑	0.155327	0.004848	235
研	0.155118	0.004836	61
拘	0.154794	0.004816	120
腰	0.154756	0.004813	573
耶	0.154663	0.004808	75
午	0.154353	0.004789	246
戎	0.154301	0.004786	681
簧	0.154056	0.004770	57
亿	0.153598	0.004742	81
蟠	0.153485	0.004735	146
缁	0.153166	0.004716	80
盏	0.152370	0.004667	92
汗	0.152351	0.004666	275
慕	0.152032	0.004646	223
夷	0.151471	0.004612	522
团	0.151379	0.004606	303
诛	0.151360	0.004605	109
姬	0.151340	0.004604	208
泛	0.151124	0.004591	783
寡	0.150508	0.004553	140
沼	0.150305	0.004540	199
当	0.150137	0.004530	3344
蒂	0.150118	0.004529	72
严	0.149704	0.004503	514
窅	0.149685	0.004502	69
眷	0.149648	0.004500	169
蛟	0.149540	0.004493	249
任	0.149523	0.004492	947
笺	0.149250	0.004476	156
非	0.149109	0.004467	2995
井	0.148931	0.004456	958
裔	0.148893	0.004454	59
骥	0.148799	0.004448	133
沓	0.148624	0.004437	78
颔	0.147662	0.004378	58
淋	0.147618	0.004375	58
箱	0.147493	0.004368	91
吏	0.147377	0.004361	865
仑	0.147144	0.004346	129
学	0.146834	0.004327	1400
照	0.146824	0.004327	2321
得	0.146812	0.004326	6891
碗	0.146767	0.004323	78
拟	0.146735	0.004321	600
连	0.146091	0.004282	2521
界	0.145912	0.004271	347
度	0.145883	0.004269	1539
赋	0.145539	0.004248	802
附	0.145238	0.004229	128
叱	0.145049	0.004218	53
脱	0.145019	0.004216	389
舅	0.144684	0.004195	52
谷	0.144522	0.004185	1227
机	0.144280	0.004171	866
囊	0.144084	0.004159	284
梵	0.143734	0.004137	186
激	0.143626	0.004130	379
卢	0.143562	0.004126	204
裾	0.142771	0.004078	182
蹄	0.142069	0.004035	342
菊	0.141806	0.004019	668
蒿	0.141629	0.004008	237
峤	0.141617	0.004007	139
萱	0.141447	0.003997	59
近	0.141112	0.003976	2435
旆	0.140897	0.003963	333
乍	0.140685	0.003950	462
药	0.140667	0.003949	1280
唇	0.140471	0.003937	80
猛	0.140387	0.003932	203
家	0.140286	0.003925	5534
翠	0.140243	0.003923	2421
担	0.139374	0.003869	67
萸	0.139293	0.003864	117
闪	0.138622	0.003823	55
浸	0.138372	0.003808	213
胸	0.138206	0.003798	184
乳	0.138167	0.003795	200
壑	0.138131	0.003793	456
孙	0.137705	0.003767	754
晨	0.137614	0.003761	900
本	0.137612	0.003761	1196
贼	0.136973	0.003722	175
饱	0.136605	0.003700	228
躯	0.136501	0.003693	95
曙	0.136383	0.003686	559
畦	0.136300	0.003681	135
菌	0.136201	0.003675	57
宅	0.135670	0.003642	626
加	0.135063	0.003605	258
斋	0.134382	0.003563	786
早	0.134352	0.003561	1936
浪	0.134175	0.003550	1421
庇	0.134018	0.003541	57
迤	0.133941	0.003536	172
皂	0.133750	0.003524	57
鳌	0.133725	0.003523	132
嚼	0.133474	0.003507	50
惹	0.133453	0.003506	180
己	0.133184	0.003490	400
孔	0.133129	0.003486	251
鹢	0.132902	0.003472	83
惭	0.132647	0.003457	825
刘	0.132497	0.003447	392
函	0.132396	0.003441	190
答	0.131794	0.003404	195
锵	0.131679	0.003397	110
腹	0.131454	0.003383	209
态	0.131389	0.003379	375
荷	0.131340	0.003376	795
蠹	0.130966	0.003353	105
遣	0.130335	0.003315	552
抽	0.130306	0.003313	242
阻	0.129952	0.003291	414
箨	0.129886	0.003287	53
菱	0.129649	0.003273	225
寝	0.129533	0.003266	318
末	0.129269	0.003249	296
籍	0.129015	0.003234	330
摇	0.128883	0.003226	1129
擎	0.128729	0.003216	95
雍	0.128687	0.003214	133
维	0.128533	0.003204	250
操	0.128467	0.003200	178
国	0.128350	0.003193	2818
桨	0.128178	0.003182	50
介	0.128098	0.003177	92
催	0.127683	0.003152	776
逼	0.127515	0.003142	222
虚	0.127391	0.003134	1838
窃	0.127225	0.003124	111
迁	0.127027	0.003112	489
瀑	0.126961	0.003108	240
每	0.126929	0.003106	902
堤	0.126386	0.003072	462
埃	0.126292	0.003067	504
招	0.126046	0.003052	563
牖	0.125953	0.003046	168
崩	0.125904	0.003043	157
庐	0.125615	0.003025	520
筠	0.125289	0.003005	133
区	0.125202	0.003000	200
蜀	0.124478	0.002955	732
带	0.124425	0.002952	1649
子	0.124422	0.002952	5798
兰	0.124353	0.002948	1571
跪	0.123839	0.002916	52
坎	0.123617	0.002902	71
伏	0.123603	0.002902	435
芊	0.123586	0.002901	60
浔	0.123343	0.002886	143
峭	0.122917	0.002860	147
万	0.122610	0.002841	5439
驻	0.122320	0.002823	528
师	0.122298	0.002822	1321
男	0.122012	0.002804	283
犀	0.121904	0.002797	147
鹰	0.121800	0.002791	232
萝	0.121584	0.002778	573
褰	0.121217	0.002755	120
氛	0.121172	0.002752	358
临	0.121075	0.002746	2655
恋	0.121001	0.002742	596
棠	0.120641	0.002720	185
絮	0.120632	0.002719	233
槛	0.120628	0.002719	439
执	0.120397	0.002705	258
剡	0.120149	0.002690	125
森	0.119728	0.002664	228
艺	0.119689	0.002661	124
同	0.119507	0.002650	4262
莲	0.119435	0.002646	1016
官	0.119419	0.002645	1895
含	0.119315	0.002638	1492
吴	0.119209	0.002632	1301
庾	0.119057	0.002623	174
郭	0.118811	0.002608	561
髓	0.118782	0.002606	77
画	0.118548	0.002591	1544
虎	0.118472	0.002587	942
鲁	0.118355	0.002580	346
垢	0.118262	0.002574	67
正	0.118077	0.002562	2208
颐	0.117974	0.002556	86
泻	0.117852	0.002549	146
芸	0.117711	0.002540	100
槎	0.117344	0.002517	181
奔	0.117268	0.002513	434
偶	0.117209	0.002509	721
透	0.117189	0.002508	209
虽	0.117059	0.002500	1513
汉	0.116970	0.002495	2827
最	0.116780	0.002483	860
值	0.116719	0.002479	345
矶	0.116225	0.002449	121
于	0.116160	0.002445	1415
麦	0.116151	0.002444	221
癖	0.116145	0.002444	59
纵	0.115454	0.002402	740
冯	0.115356	0.002396	112
衙	0.115324	0.002394	88
挑	0.115145	0.002383	94
岫	0.114674	0.002354	265
直	0.114173	0.002323	1488
衮	0.113832	0.002302	76
累	0.113807	0.002300	396
火	0.113541	0.002284	1679
鸣	0.113442	0.002278	2040
劣	0.113151	0.002260	52
穗	0.113042	0.002253	75
育	0.113012	0.002252	56
点	0.112772	0.002237	734
豆	0.112451	0.002217	138
少	0.112446	0.002217	2841
被	0.112153	0.002199	772
笠	0.112123	0.002197	76
赞	0.112071	0.002194	89
轺	0.111986	0.002189	59
藿	0.111951	0.002187	51
缩	0.111401	0.002153	86
忘	0.111213	0.002141	1251
修	0.111177	0.002139	691
鹄	0.111076	0.002133	139
齿	0.111005	0.002128	340
乔	0.110941	0.002125	242
蓉	0.110771	0.002114	412
碎	0.110596	0.002103	296
优	0.110473	0.002096	159
蚊	0.110294	0.002085	54
嫌	0.110240	0.002082	549
绕	0.110063	0.002071	1497
牙	0.109358	0.002027	270
酬	0.109307	0.002024	427
友	0.109292	0.002023	517
写	0.109234	0.002020	420
闲	0.108969	0.002004	4514
扰	0.108779	0.001992	153
穹	0.108707	0.001987	122
雪	0.108435	0.001971	4282
骇	0.107732	0.001928	80
际	0.107647	0.001922	522
倏	0.107571	0.001918	140
扶	0.107382	0.001906	466
罗	0.107366	0.001905	1580
慢	0.106880	0.001875	172
晒	0.106872	0.001875	53
熳	0.106710	0.001865	68
纷	0.106276	0.001838	725
径	0.106242	0.001836	1222
廷	0.106198	0.001833	165
刹	0.106180	0.001832	91
萍	0.106176	0.001832	281
作	0.105007	0.001760	3376
庙	0.104954	0.001757	548
钵	0.104806	0.001748	77
伸	0.104382	0.001722	102
秉	0.103906	0.001693	195
巨	0.103872	0.001691	186
钟	0.103736	0.001682	1312
隙	0.103603	0.001674	121
投	0.103454	0.001665	670
弓	0.103303	0.001656	404
昔	0.103160	0.001647	1686
禅	0.102992	0.001637	1049
了	0.102929	0.001633	398
膏	0.102559	0.001610	210
驿	0.102419	0.001602	484
矣	0.102367	0.001598	307
嘘	0.102350	0.001597	59
省	0.102342	0.001597	536
阅	0.102091	0.001581	137
矫	0.101783	0.001563	100
灌	0.101718	0.001559	118
戈	0.101601	0.001551	448
卓	0.101596	0.001551	116
缚	0.101372	0.001537	74
陷	0.101094	0.001520	96
马	0.101075	0.001519	4709
迈	0.100987	0.001514	90
惑	0.100725	0.001498	94
袅	0.100492	0.001483	273
拾	0.100312	0.001472	226
茱	0.100162	0.001463	89
逢	0.100110	0.001460	2624
坡	0.099921	0.001448	92
刺	0.099764	0.001439	291
氲	0.099703	0.001435	196
底	0.099680	0.001433	663
羊	0.099660	0.001432	391
鸯	0.099607	0.001429	343
入	0.099249	0.001407	5313
郊	0.099164	0.001402	610
范	0.099104	0.001398	147
婉	0.099056	0.001395	79
居	0.098983	0.001391	2135
赤	0.098815	0.001380	699
臾	0.098488	0.001360	140
自	0.098163	0.001340	8454
狭	0.098115	0.001337	76
应	0.098076	0.001335	4697
衷	0.097978	0.001329	77
族	0.097638	0.001308	178
挥	0.097596	0.001306	383
隼	0.097517	0.001301	109
积	0.097503	0.001300	866
肤	0.097475	0.001298	103
力	0.097086	0.001274	1201
荧	0.096347	0.001229	103
穿	0.096323	0.001227	619
旄	0.096033	0.001210	137
湖	0.096009	0.001208	1530
傥	0.095934	0.001204	99
障	0.095718	0.001190	176
恒	0.095241	0.001161	165
筌	0.095076	0.001151	55
狐	0.094743	0.001130	182
股	0.094065	0.001089	60
遥	0.093985	0.001084	2257
嬴	0.093592	0.001060	60
烛	0.093468	0.001052	812
狼	0.093367	0.001046	229
闽	0.093099	0.001030	78
食	0.093047	0.001026	1229
嵬	0.092995	0.001023	111
竭	0.092787	0.001010	106
从	0.092707	0.001006	3957
上	0.092700	0.001005	10523
遁	0.092612	0.001000	109
厌	0.092417	0.000988	595
种	0.092417	0.000988	778
蚕	0.092389	0.000986	200
柏	0.092329	0.000982	488
椒	0.092105	0.000969	132
部	0.091658	0.000941	185
崖	0.091370	0.000923	428
裛	0.091317	0.000920	76
静	0.091005	0.000901	2192
换	0.090983	0.000900	394
隅	0.090711	0.000883	305
鹂	0.090678	0.000881	72
窕	0.090408	0.000864	128
翻	0.090366	0.000862	1295
榴	0.090131	0.000847	125
越	0.090124	0.000847	1033
看	0.089496	0.000809	4182
逃	0.089208	0.000791	172
仲	0.089099	0.000784	267
州	0.089096	0.000784	1694
轸	0.088763	0.000764	90
鸥	0.088430	0.000743	405
韩	0.088382	0.000740	205
东	0.088375	0.000740	5285
算	0.088337	0.000737	171
琪	0.088172	0.000727	53
溶	0.087980	0.000715	55
瑶	0.087603	0.000692	749
筋	0.087289	0.000673	138
媒	0.087112	0.000662	193
险	0.086865	0.000647	438
珠	0.086728	0.000639	1554
藏	0.086694	0.000637	857
课	0.086593	0.000630	51
祖	0.086362	0.000616	425
渐	0.086166	0.000604	1056
晏	0.086154	0.000603	284
稚	0.086036	0.000596	201
杳	0.085932	0.000590	474
淮	0.085602	0.000569	535
睡	0.085489	0.000563	464
唤	0.085338	0.000553	204
潜	0.085003	0.000533	614
麝	0.084754	0.000517	122
铸	0.084748	0.000517	110
疑	0.084654	0.000511	1387
筑	0.084337	0.000492	233
窥	0.083959	0.000469	486
旱	0.083858	0.000462	122
榭	0.083847	0.000462	150
纸	0.083344	0.000431	249
丁	0.083005	0.000410	270
恰	0.082829	0.000399	85
觅	0.082405	0.000373	321
约	0.082131	0.000356	324
楼	0.081962	0.000346	3747
重	0.081933	0.000344	4271
碍	0.081677	0.000329	156
南	0.081663	0.000328	5506
窜	0.080933	0.000283	77
室	0.080792	0.000274	898
芙	0.080777	0.000273	438
侣	0.080647	0.000265	508
愈	0.080593	0.000262	61
军	0.080493	0.000256	1404
市	0.080002	0.000226	596
倘	0.079794	0.000213	118
交	0.079485	0.000194	1309
营	0.079448	0.000192	679
儿	0.079147	0.000173	1382
盗	0.079002	0.000164	140
逡	0.078749	0.000149	82
丛	0.078525	0.000135	734
幻	0.078115	0.000110	56
濆	0.077716	0.000086	68
供	0.077414	0.000067	223
钗	0.077330	0.000062	273
刑	0.077151	0.000051	107
貌	0.076908	0.000036	351
李	0.076537	0.000013	923
恃	0.076223	-0.000006	104
挂	0.075878	-0.000027	683
犯	0.075829	-0.000030	146
劝	0.075086	-0.000076	461
巘	0.075033	-0.000079	72
认	0.074642	-0.000103	225
可	0.074574	-0.000107	4334
裁	0.074470	-0.000114	427
是	0.074360	-0.000120	6062
垂	0.074122	-0.000135	2157
守	0.073812	-0.000154	1009
除	0.073615	-0.000166	490
煮	0.073452	-0.000176	132
阔	0.073394	-0.000180	497
谤	0.073207	-0.000191	57
虑	0.073009	-0.000203	333
腊	0.072965	-0.000206	288
计	0.072626	-0.000227	803
然	0.072288	-0.000248	2864
耐	0.071881	-0.000273	60
栏	0.071597	-0.000290	291
兔	0.071532	-0.000294	339
读	0.071470	-0.000298	430
梢	0.071308	-0.000308	161
女	0.071304	-0.000308	1842
口	0.071219	-0.000313	1094
纳	0.071180	-0.000316	136
财	0.071141	-0.000318	60
否	0.071044	-0.000324	216
结	0.070922	-0.000331	1401
颦	0.070888	-0.000333	66
尚	0.070885	-0.000334	1541
拭	0.070725	-0.000343	113
乃	0.070650	-0.000348	749
遽	0.070648	-0.000348	136
常	0.070374	-0.000365	1958
唱	0.070300	-0.000370	583
茅	0.070145	-0.000379	605
觜	0.069975	-0.000389	66
鹦	0.069887	-0.000395	190
环	0.069588	-0.000413	410
云	0.069402	-0.000425	12742
瓦	0.068707	-0.000467	205
般	0.068499	-0.000480	186
撼	0.068443	-0.000484	91
裘	0.068368	-0.000488	337
叠	0.068064	-0.000507	526
瓮	0.068021	-0.000509	137
冀	0.067989	-0.000511	110
贪	0.067905	-0.000517	269
厚	0.067705	-0.000529	256
雾	0.067704	-0.000529	857
顶	0.067481	-0.000543	434
辙	0.067085	-0.000567	165
脑	0.066951	-0.000575	56
由	0.066929	-0.000576	1140
著	0.066481	-0.000604	1208
耳	0.066233	-0.000619	521
朱	0.066163	-0.000623	1361
杨	0.065945	-0.000637	1205
荀	0.065803	-0.000646	69
民	0.065684	-0.000653	329
逋	0.065592	-0.000658	55
碧	0.065456	-0.000667	2669
驱	0.065402	-0.000670	683
益	0.065239	-0.000680	370
滩	0.064967	-0.000697	293
黏	0.064923	-0.000700	69
郎	0.064405	-0.000731	1318
仍	0.064262	-0.000740	900
濩	0.064196	-0.000744	52
忠	0.064143	-0.000747	346
郢	0.063879	-0.000764	197
旦	0.063746	-0.000772	402
敛	0.063556	-0.000783	356
滟	0.063267	-0.000801	108
域	0.063176	-0.000807	172
禄	0.062813	-0.000829	352
莎	0.062771	-0.000832	236
兀	0.062402	-0.000854	134
泬	0.062327	-0.000859	50
蕨	0.062222	-0.000865	57
涧	0.062121	-0.000871	657
双	0.061716	-0.000896	2172
止	0.061548	-0.000907	462
解	0.060966	-0.000942	1335
畴	0.060936	-0.000944	119
智	0.060878	-0.000948	198
谏	0.060800	-0.000953	261
翁	0.060777	-0.000954	755
滨	0.060488	-0.000972	310
磨	0.060354	-0.000980	259
閤	0.060285	-0.000984	63
蹇	0.060042	-0.000999	161
欺	0.059842	-0.001011	320
悠	0.059816	-0.001013	987
委	0.059536	-0.001030	454
曲	0.059346	-0.001042	2364
意	0.059155	-0.001054	3135
陵	0.059065	-0.001059	1868
尤	0.059055	-0.001060	162
警	0.058576	-0.001089	106
库	0.058557	-0.001090	52
驯	0.058251	-0.001109	105
他	0.057807	-0.001136	1149
喷	0.057173	-0.001175	176
中	0.056535	-0.001214	10787
奸	0.056081	-0.001242	91
议	0.055958	-0.001250	187
私	0.055637	-0.001269	307
陀	0.055532	-0.001276	66
日	0.055341	-0.001288	13758
权	0.055283	-0.001291	208
薄	0.055130	-0.001301	1300
皋	0.054948	-0.001312	248
膺	0.054903	-0.001314	133
伯	0.054875	-0.001316	367
衫	0.054679	-0.001328	258
衡	0.054391	-0.001346	420
誓	0.054376	-0.001347	170
於	0.054266	-0.001354	82
洗	0.054207	-0.001357	505
藓	0.054176	-0.001359	299
鹭	0.054115	-0.001363	399
叔	0.054067	-0.001366	146
走	0.054016	-0.001369	722
丑	0.053955	-0.001373	111
桡	0.053487	-0.001401	179
嗣	0.053266	-0.001415	88
笼	0.053253	-0.001416	705
拄	0.053074	-0.001427	56
禾	0.052873	-0.001439	155
堂	0.052352	-0.001471	1731
鸾	0.052047	-0.001490	764
赖	0.052008	-0.001492	296
邈	0.051960	-0.001495	115
愚	0.051492	-0.001524	314
牢	0.051114	-0.001547	171
敢	0.050898	-0.001560	906
廊	0.050045	-0.001613	276
言	0.049987	-0.001616	3293
林	0.049825	-0.001626	4053
能	0.049461	-0.001648	3531
颓	0.049417	-0.001651	217
板	0.049151	-0.001667	111
在	0.048540	-0.001705	7021
鲍	0.048183	-0.001727	71
毒	0.047725	-0.001755	164
枚	0.047697	-0.001757	62
剑	0.047661	-0.001759	1545
幕	0.047493	-0.001769	579
冥	0.047194	-0.001788	764
覆	0.047161	-0.001790	601
傅	0.046956	-0.001802	170
撩	0.046883	-0.001807	89
诵	0.046463	-0.001832	146
阮	0.046401	-0.001836	212
仞	0.045955	-0.001864	147
阴	0.045904	-0.001867	2745
横	0.045902	-0.001867	1339
相	0.045711	-0.001879	8874
昂	0.045522	-0.001890	92
慷	0.045403	-0.001897	65
书	0.045176	-0.001911	3988
校	0.044848	-0.001932	211
柳	0.044548	-0.001950	2837
昨	0.044508	-0.001952	792
栈	0.044257	-0.001968	117
箭	0.044040	-0.001981	377
坚	0.043993	-0.001984	267
谩	0.043961	-0.001986	224
塘	0.043919	-0.001989	685
斤	0.043893	-0.001990	50
留	0.043704	-0.002002	2628
祈	0.043658	-0.002005	81
青	0.043041	-0.002042	5974
毛	0.043001	-0.002045	687
渚	0.042560	-0.002072	621
诀	0.042503	-0.002075	106
指	0.042417	-0.002081	871
溅	0.041991	-0.002107	114
抵	0.041857	-0.002115	135
瑰	0.041689	-0.002125	64
扑	0.041348	-0.002146	172
间	0.041268	-0.002151	3323
杀	0.041180	-0.002157	593
湄	0.040900	-0.002174	93
牛	0.040847	-0.002177	694
婚	0.040821	-0.002179	77
啄	0.040637	-0.002190	208
随	0.040420	-0.002203	3005
泗	0.040309	-0.002210	63
厥	0.039717	-0.002246	85
崔	0.039681	-0.002249	187
世	0.039525	-0.002258	2741
君	0.039478	-0.002261	8383
违	0.039287	-0.002273	404
濡	0.038903	-0.002296	79
铁	0.038872	-0.002298	318
湾	0.038711	-0.002308	129
眸	0.038607	-0.002315	84
改	0.038444	-0.002325	446
之	0.038428	-0.002326	2168
倍	0.038414	-0.002326	193
芒	0.038153	-0.002342	126
饮	0.038069	-0.002348	1200
拖	0.037812	-0.002363	74
刚	0.037697	-0.002370	97
孟	0.037317	-0.002394	212
逶	0.037258	-0.002397	149
嵇	0.037181	-0.002402	95
面	0.036969	-0.002415	1093
毁	0.036906	-0.002419	92
隳	0.036687	-0.002432	72
峰	0.036635	-0.002436	2079
巷	0.036628	-0.002436	397
脚	0.035913	-0.002480	192
彼	0.035350	-0.002514	467
寻	0.035173	-0.002525	2228
来	0.035056	-0.002532	11679
徂	0.034576	-0.002562	86
涨	0.034559	-0.002563	216
线	0.034324	-0.002577	157
呼	0.034210	-0.002584	552
脂	0.033931	-0.002602	125
冬	0.033913	-0.002603	507
绂	0.033869	-0.002605	88
颜	0.033349	-0.002637	1403
鶒	0.033290	-0.002641	55
鸂	0.033290	-0.002641	55
柱	0.033251	-0.002643	392
弘	0.033077	-0.002654	100
蹙	0.032458	-0.002692	105
砌	0.032419	-0.002694	381
砂	0.031942	-0.002724	189
粘	0.031200	-0.002769	62
劫	0.031142	-0.002773	139
豸	0.030747	-0.002797	67
促	0.030702	-0.002800	428
墅	0.030596	-0.002806	61
幽	0.029988	-0.002844	2605
虞	0.029775	-0.002857	253
帐	0.029683	-0.002862	636
董	0.028943	-0.002908	50
淹	0.028606	-0.002928	308
薇	0.028175	-0.002955	154
握	0.028033	-0.002963	192
赠	0.027974	-0.002967	605
臂	0.027913	-0.002971	160
似	0.027567	-0.002992	3557
犬	0.027384	-0.003003	382
逞	0.027230	-0.003013	51
鹉	0.027205	-0.003014	175
萋	0.027121	-0.003019	136
弯	0.026450	-0.003061	110
异	0.025898	-0.003095	1252
畏	0.025640	-0.003110	418
冰	0.025604	-0.003113	987
叟	0.025514	-0.003118	274
偏	0.025096	-0.003144	1148
负	0.025061	-0.003146	771
棹	0.024990	-0.003150	664
岛	0.024758	-0.003164	498
项	0.024071	-0.003207	79
俸	0.024021	-0.003210	115
料	0.023972	-0.003213	221
吸	0.023849	-0.003220	56
株	0.023783	-0.003224	266
忙	0.023738	-0.003227	233
杉	0.023717	-0.003228	217
依	0.023447	-0.003245	1776
堞	0.023382	-0.003249	89
晕	0.023118	-0.003265	53
匹	0.023071	-0.003268	250
骖	0.023036	-0.003270	111
颠	0.023001	-0.003272	229
暑	0.022657	-0.003293	431
醆	0.022624	-0.003295	56
整	0.022615	-0.003296	205
岁	0.022603	-0.003297	2512
踯	0.022389	-0.003310	58
时	0.022351	-0.003312	10541
鹊	0.022309	-0.003315	323
藕	0.021855	-0.003343	110
转	0.021788	-0.003347	1873
其	0.021760	-0.003348	1486
野	0.021738	-0.003350	2826
亦	0.021385	-0.003371	3153
阶	0.021078	-0.003390	857
馀	0.020489	-0.003426	2402
垣	0.020468	-0.003428	234
舍	0.020310	-0.003437	754
蜃	0.020224	-0.003443	54
愤	0.020207	-0.003444	104
党	0.020148	-0.003447	58
餐	0.019934	-0.003461	315
分	0.019893	-0.003463	3520
淼	0.019755	-0.003471	58
缄	0.019685	-0.003476	165
目	0.019397	-0.003493	1019
檀	0.019391	-0.003494	150
迹	0.019207	-0.003505	1320
髯	0.018903	-0.003524	117
湍	0.018895	-0.003524	119
怜	0.018683	-0.003537	1987
卖	0.018354	-0.003557	219
北	0.018149	-0.003570	3172
檐	0.017974	-0.003581	567
颊	0.017905	-0.003585	50
磬	0.017899	-0.003585	402
祠	0.017283	-0.003623	298
垆	0.017197	-0.003628	87
苏	0.016907	-0.003646	500
托	0.016892	-0.003647	415
黛	0.016822	-0.003651	246
竿	0.016812	-0.003652	384
因	0.016660	-0.003661	2379
谊	0.016539	-0.003669	53
网	0.016323	-0.003682	414
释	0.016196	-0.003690	138
墙	0.016034	-0.003700	612
鸡	0.015826	-0.003713	1001
屑	0.015257	-0.003748	80
蔽	0.015254	-0.003748	216
襟	0.015175	-0.003753	658
抑	0.015078	-0.003759	67
缸	0.015037	-0.003761	56
涛	0.014929	-0.003768	490
渡	0.014752	-0.003779	815
亲	0.014739	-0.003779	1637
殁	0.014632	-0.003786	86
樊	0.014528	-0.003792	84
冻	0.014158	-0.003815	351
红	0.014028	-0.003823	3889
屋	0.013514	-0.003855	706
影	0.013512	-0.003855	2484
贱	0.013164	-0.003876	463
蕃	0.013104	-0.003880	160
昼	0.012935	-0.003890	674
涩	0.012695	-0.003905	154
拆	0.012657	-0.003907	99
旁	0.012373	-0.003925	180
禽	0.012132	-0.003939	694
炷	0.012113	-0.003941	60
丝	0.012027	-0.003946	1422
翮	0.011256	-0.003993	187
晖	0.010524	-0.004038	413
樵	0.010409	-0.004045	474
信	0.010401	-0.004046	1568
昧	0.010351	-0.004049	110
缭	0.010149	-0.004061	119
蔡	0.010073	-0.004066	129
白	0.009900	-0.004076	8044
记	0.009884	-0.004077	407
晓	0.009784	-0.004083	2263
各	0.009666	-0.004091	717
遭	0.009493	-0.004101	227
堆	0.009471	-0.004103	273
荆	0.008901	-0.004138	744
蛙	0.008763	-0.004146	68
啸	0.008621	-0.004155	347
朴	0.008596	-0.004156	93
珊	0.008478	-0.004164	164
骐	0.008430	-0.004167	50
尔	0.008393	-0.004169	1231
魏	0.007789	-0.004206	293
膳	0.007532	-0.004222	74
畔	0.007526	-0.004222	522
围	0.007454	-0.004226	291
有	0.007420	-0.004229	11531
两	0.007254	-0.004239	2303
缕	0.007242	-0.004239	234
霏	0.006913	-0.004260	219
付	0.006354	-0.004294	162
而	0.006348	-0.004294	508
针	0.006279	-0.004299	95
田	0.005744	-0.004331	1580
泓	0.005557	-0.004343	60
虏	0.005424	-0.004351	442
黎	0.005343	-0.004356	124
峦	0.005205	-0.004364	139
赢	0.004906	-0.004383	59
踪	0.004714	-0.004395	390
刀	0.004540	-0.004405	568
赊	0.004364	-0.004416	266
户	0.004359	-0.004416	1013
爵	0.003957	-0.004441	100
篆	0.003939	-0.004442	85
婿	0.003526	-0.004467	96
吞	0.003524	-0.004468	255
热	0.003282	-0.004482	274
息	0.003075	-0.004495	1090
戛	0.002963	-0.004502	60
杏	0.002817	-0.004511	454
差	0.002708	-0.004518	599
荔	0.002435	-0.004534	108
翛	0.002372	-0.004538	86
斧	0.001703	-0.004579	116
纡	0.001683	-0.004581	146
裂	0.001341	-0.004602	157
俱	0.001276	-0.004606	653
循	0.001262	-0.004606	143
殷	0.000643	-0.004644	606
泾	0.000408	-0.004659	64
洲	0.000110	-0.004677	1012
鳃	0.000000	0.000000	8
擞	0.000000	0.000000	14
媞	0.000000	0.000000	1
鞓	0.000000	0.000000	1
馤	0.000000	0.000000	1
宏	0.000000	0.000000	36
嘐	0.000000	0.000000	3
郾	0.000000	0.000000	2
猃	0.000000	0.000000	3
嗉	0.000000	0.000000	2
骹	0.000000	0.000000	2
鷠	0.000000	0.000000	1
搦	0.000000	0.000000	15
胁	0.000000	0.000000	14
铛	0.000000	0.000000	33
慑	0.000000	0.000000	20
峿	0.000000	0.000000	1
蚤	0.000000	0.000000	10
赓	0.000000	0.000000	17
乂	0.000000	0.000000	8
栲	0.000000	0.000000	5
磊	0.000000	0.000000	40
鲊	0.000000	0.000000	9
髤	0.000000	0.000000	2
嵎	0.000000	0.000000	1
獹	0.000000	0.000000	1
亘	0.000000	0.000000	38
泮	0.000000	0.000000	20
赣	0.000000	0.000000	4
茁	0.000000	0.000000	3
轘	0.000000	0.000000	10
鸸	0.000000	0.000000	1
蛣	0.000000	0.000000	1
磅	0.000000	0.000000	5
缶	0.000000	0.000000	7
雰	0.000000	0.000000	16
枿	0.000000	0.000000	25
忖	0.000000	0.000000	5
蒀	0.000000	0.000000	2
椤	0.000000	0.000000	1
窳	0.000000	0.000000	2
轼	0.000000	0.000000	27
巩	0.000000	0.000000	27
膑	0.000000	0.000000	3
蕣	0.000000	0.000000	20
骴	0.000000	0.000000	1
腒	0.000000	0.000000	1
桫	0.000000	0.000000	1
蚩	0.000000	0.000000	26
胣	0.000000	0.000000	1
醲	0.000000	0.000000	15
帕	0.000000	0.000000	13
訏	0.000000	0.000000	9
蟒	0.000000	0.000000	8
噬	0.000000	0.000000	35
龁	0.000000	0.000000	6
痞	0.000000	0.000000	1
猾	0.000000	0.000000	8
芡	0.000000	0.000000	15
莩	0.000000	0.000000	3
疈	0.000000	0.000000	1
帔	0.000000	0.000000	49
騂	0.000000	0.000000	15
鲰	0.000000	0.000000	1
鞞	0.000000	0.000000	29
呵	0.000000	0.000000	41
胏	0.000000	0.000000	1
渎	0.000000	0.000000	22
磲	0.000000	0.000000	1
尖	0.000000	0.000000	49
晅	0.000000	0.000000	1
昒	0.000000	0.000000	1
茝	0.000000	0.000000	11
僖	0.000000	0.000000	1
窌	0.000000	0.000000	2
谌	0.000000	0.000000	6
绾	0.000000	0.000000	44
麰	0.000000	0.000000	2
咤	0.000000	0.000000	18
概	0.000000	0.000000	37
骈	0.000000	0.000000	33
佯	0.000000	0.000000	38
谍	0.000000	0.000000	7
泱	0.000000	0.000000	30
襵	0.000000	0.000000	1
篡	0.000000	0.000000	8
皪	0.000000	0.000000	17
赦	0.000000	0.000000	32
揲	0.000000	0.000000	6
邗	0.000000	0.000000	6
螾	0.000000	0.000000	1
胝	0.000000	0.000000	19
啻	0.000000	0.000000	41
麃	0.000000	0.000000	1
斡	0.000000	0.000000	16
椿	0.000000	0.000000	30
憀	0.000000	0.000000	35
髡	0.000000	0.000000	12
苡	0.000000	0.000000	17
俏	0.000000	0.000000	1
措	0.000000	0.000000	19
馁	0.000000	0.000000	21
躘	0.000000	0.000000	1
謷	0.000000	0.000000	1
趚	0.000000	0.000000	2
鞔	0.000000	0.000000	2
惕	0.000000	0.000000	42
嶪	0.000000	0.000000	5
昴	0.000000	0.000000	11
郫	0.000000	0.000000	2
铢	0.000000	0.000000	46
鎞	0.000000	0.000000	1
疠	0.000000	0.000000	38
絜	0.000000	0.000000	29
觇	0.000000	0.000000	9
靸	0.000000	0.000000	6
轒	0.000000	0.000000	2
篊	0.000000	0.000000	1
窖	0.000000	0.000000	3
毗	0.000000	0.000000	48
铏	0.000000	0.000000	2
瓴	0.000000	0.000000	9
鶂	0.000000	0.000000	5
鹥	0.000000	0.000000	32
酲	0.000000	0.000000	49
噌	0.000000	0.000000	1
盾	0.000000	0.000000	3
烘	0.000000	0.000000	30
廑	0.000000	0.000000	1
戮	0.000000	0.000000	49
玖	0.000000	0.000000	9
萑	0.000000	0.000000	2
抔	0.000000	0.000000	3
技	0.000000	0.000000	14
酆	0.000000	0.000000	13
猘	0.000000	0.000000	3
軷	0.000000	0.000000	1
昕	0.000000	0.000000	5
絺	0.000000	0.000000	21
鄣	0.000000	0.000000	5
绥	0.000000	0.000000	32
夤	0.000000	0.000000	37
普	0.000000	0.000000	30
檗	0.000000	0.000000	22
杌	0.000000	0.000000	3
蒯	0.000000	0.000000	6
媭	0.000000	0.000000	3
苓	0.000000	0.000000	28
掘	0.000000	0.000000	34
缜	0.000000	0.000000	2
豗	0.000000	0.000000	9
餱	0.000000	0.000000	2
屣	0.000000	0.000000	42
儋	0.000000	0.000000	9
虆	0.000000	0.000000	1
憍	0.000000	0.000000	1
桠	0.000000	0.000000	4
轪	0.000000	0.000000	2
廛	0.000000	0.000000	14
咍	0.000000	0.000000	16
颙	0.000000	0.000000	34
殃	0.000000	0.000000	22
腿	0.000000	0.000000	2
皤	0.000000	0.000000	29
攉	0.000000	0.000000	1
孽	0.000000	0.000000	25
綮	0.000000	0.000000	1
偕	0.000000	0.000000	37
枋	0.000000	0.000000	5
砆	0.000000	0.000000	2
袗	0.000000	0.000000	1
瀼	0.000000	0.000000	18
涔	0.000000	0.000000	42
棫	0.000000	0.000000	1
盻	0.000000	0.000000	9
牯	0.000000	0.000000	1
楂	0.000000	0.000000	12
鏦	0.000000	0.000000	6
饤	0.000000	0.000000	3
筰	0.000000	0.000000	1
晀	0.000000	0.000000	1
淈	0.000000	0.000000	1
杕	0.000000	0.000000	5
罩	0.000000	0.000000	31
骞	0.000000	0.000000	27
蚪	0.000000	0.000000	1
讥	0.000000	0.000000	31
靺	0.000000	0.000000	2
僵	0.000000	0.000000	23
啑	0.000000	0.000000	3
糜	0.000000	0.000000	16
褧	0.000000	0.000000	6
凸	0.000000	0.000000	3
獬	0.000000	0.000000	26
裸	0.000000	0.000000	7
趺	0.000000	0.000000	7
蹭	0.000000	0.000000	30
扛	0.000000	0.000000	1
鬯	0.000000	0.000000	19
缛	0.000000	0.000000	15
罴	0.000000	0.000000	38
儛	0.000000	0.000000	1
盝	0.000000	0.000000	1
傭	0.000000	0.000000	1
铍	0.000000	0.000000	4
醍	0.000000	0.000000	31
劼	0.000000	0.000000	1
芋	0.000000	0.000000	28
踜	0.000000	0.000000	1
沇	0.000000	0.000000	1
罿	0.000000	0.000000	1
偻	0.000000	0.000000	15
蠢	0.000000	0.000000	24
恌	0.000000	0.000000	1
瀹	0.000000	0.000000	2
瑱	0.000000	0.000000	3
扞	0.000000	0.000000	3
穸	0.000000	0.000000	3
檿	0.000000	0.000000	3
蓦	0.000000	0.000000	11
脍	0.000000	0.000000	24
嘤	0.000000	0.000000	14
挻	0.000000	0.000000	1
沄	0.000000	0.000000	9
彖	0.000000	0.000000	2
饕	0.000000	0.000000	7
掎	0.000000	0.000000	4
歔	0.000000	0.000000	6
肛	0.000000	0.000000	1
琨	0.000000	0.000000	18
溔	0.000000	0.000000	1
币	0.000000	0.000000	40
炱	0.000000	0.000000	2
椠	0.000000	0.000000	9
澾	0.000000	0.000000	1
釭	0.000000	0.000000	28
膊	0.000000	0.000000	6
狃	0.000000	0.000000	1
祶	0.000000	0.000000	1
駊	0.000000	0.000000	3
娆	0.000000	0.000000	18
荑	0.000000	0.000000	30
缊	0.000000	0.000000	19
胾	0.000000	0.000000	1
瘫	0.000000	0.000000	1
刳	0.000000	0.000000	28
酗	0.000000	0.000000	2
巳	0.000000	0.000000	49
汔	0.000000	0.000000	1
籊	0.000000	0.000000	1
柜	0.000000	0.000000	3
烨	0.000000	0.000000	3
犨	0.000000	0.000000	1
呦	0.000000	0.000000	14
瀺	0.000000	0.000000	2
溽	0.000000	0.000000	12
攫	0.000000	0.000000	21
岝	0.000000	0.000000	2
鄄	0.000000	0.000000	1
枌	0.000000	0.000000	10
髆	0.000000	0.000000	3
怿	0.000000	0.000000	6
墠	0.000000	0.000000	5
腋	0.000000	0.000000	21
紖	0.000000	0.000000	1
滫	0.000000	0.000000	2
苌	0.000000	0.000000	7
襫	0.000000	0.000000	1
泫	0.000000	0.000000	42
赒	0.000000	0.000000	3
憘	0.000000	0.000000	1
饪	0.000000	0.000000	4
阐	0.000000	0.000000	26
泖	0.000000	0.000000	1
旍	0.000000	0.000000	4
诧	0.000000	0.000000	8
堡	0.000000	0.000000	12
罹	0.000000	0.000000	43
僝	0.000000	0.000000	1
韅	0.000000	0.000000	1
挲	0.000000	0.000000	13
麏	0.000000	0.000000	12
拢	0.000000	0.000000	24
蛊	0.000000	0.000000	18
侪	0.000000	0.000000	14
弈	0.000000	0.000000	20
痒	0.000000	0.000000	14
苮	0.000000	0.000000	1
磁	0.000000	0.000000	1
姝	0.000000	0.000000	36
祆	0.000000	0.000000	7
毯	0.000000	0.000000	16
纯	0.000000	0.000000	41
袚	0.000000	0.000000	2
隰	0.000000	0.000000	36
赗	0.000000	0.000000	2
谔	0.000000	0.000000	9
枹	0.000000	0.000000	3
镬	0.000000	0.000000	10
牒	0.000000	0.000000	29
洧	0.000000	0.000000	8
桹	0.000000	0.000000	3
褎	0.000000	0.000000	3
嵰	0.000000	0.000000	1
咒	0.000000	0.000000	30
拏	0.000000	0.000000	38
跬	0.000000	0.000000	8
碜	0.000000	0.000000	1
狺	0.000000	0.000000	4
縻	0.000000	0.000000	15
溆	0.000000	0.000000	27
嶙	0.000000	0.000000	16
掫	0.000000	0.000000	1
郃	0.000000	0.000000	1
猕	0.000000	0.000000	21
昊	0.000000	0.000000	39
帢	0.000000	0.000000	2
蓊	0.000000	0.000000	13
滮	0.000000	0.000000	2
醽	0.000000	0.000000	11
荍	0.000000	0.000000	1
槲	0.000000	0.000000	10
泯	0.000000	0.000000	30
淜	0.000000	0.000000	1
秬	0.000000	0.000000	4
锅	0.000000	0.000000	3
咷	0.000000	0.000000	2
坱	0.000000	0.000000	5
钐	0.000000	0.000000	1
煜	0.000000	0.000000	1
哳	0.000000	0.000000	7
漴	0.000000	0.000000	3
鹩	0.000000	0.000000	20
跏	0.000000	0.000000	7
蒋	0.000000	0.000000	42
髀	0.000000	0.000000	11
铮	0.000000	0.000000	21
贸	0.000000	0.000000	5
苈	0.000000	0.000000	2
鳣	0.000000	0.000000	16
衬	0.000000	0.000000	32
栀	0.000000	0.000000	18
醷	0.000000	0.000000	1
枅	0.000000	0.000000	1
贽	0.000000	0.000000	6
糈	0.000000	0.000000	2
朘	0.000000	0.000000	1
罟	0.000000	0.000000	26
绎	0.000000	0.000000	17
槚	0.000000	0.000000	5
芄	0.000000	0.000000	1
槥	0.000000	0.000000	1
禩	0.000000	0.000000	1
玙	0.000000	0.000000	16
欔	0.000000	0.000000	1
泆	0.000000	0.000000	1
崿	0.000000	0.000000	20
澈	0.000000	0.000000	47
侘	0.000000	0.000000	1
贬	0.000000	0.000000	18
猓	0.000000	0.000000	1
缯	0.000000	0.000000	25
辎	0.000000	0.000000	8
埞	0.000000	0.000000	1
醨	0.000000	0.000000	9
恂	0.000000	0.000000	8
惚	0.000000	0.000000	37
铗	0.000000	0.000000	13
茜	0.000000	0.000000	23
鲕	0.000000	0.000000	2
篮	0.000000	0.000000	43
硼	0.000000	0.000000	1
汛	0.000000	0.000000	1
菀	0.000000	0.000000	2
批	0.000000	0.000000	17
襕	0.000000	0.000000	2
矮	0.000000	0.000000	9
簰	0.000000	0.000000	1
倪	0.000000	0.000000	37
靮	0.000000	0.000000	3
楣	0.000000	0.000000	15
龉	0.000000	0.000000	6
龆	0.000000	0.000000	4
潾	0.000000	0.000000	6
啖	0.000000	0.000000	34
戽	0.000000	0.000000	1
衎	0.000000	0.000000	3
滹	0.000000	0.000000	15
儆	0.000000	0.000000	4
晷	0.000000	0.000000	23
蒍	0.000000	0.000000	1
辖	0.000000	0.000000	38
椸	0.000000	0.000000	1
综	0.000000	0.000000	5
鲔	0.000000	0.000000	9
醋	0.000000	0.000000	6
鹕	0.000000	0.000000	3
觺	0.000000	0.000000	1
奫	0.000000	0.000000	6
嫉	0.000000	0.000000	19
邃	0.000000	0.000000	40
栺	0.000000	0.000000	1
彘	0.000000	0.000000	4
箠	0.000000	0.000000	9
娩	0.000000	0.000000	11
祃	0.000000	0.000000	1
箜	0.000000	0.000000	34
佝	0.000000	0.000000	1
蔀	0.000000	0.000000	1
橄	0.000000	0.000000	1
嫛	0.000000	0.000000	1
勷	0.000000	0.000000	2
牷	0.000000	0.000000	11
泂	0.000000	0.000000	3
袙	0.000000	0.000000	1
胘	0.000000	0.000000	1
猗	0.000000	0.000000	29
蓐	0.000000	0.000000	11
甥	0.000000	0.000000	27
讹	0.000000	0.000000	39
藐	0.000000	0.000000	5
胭	0.000000	0.000000	29
爆	0.000000	0.000000	11
瓚	0.000000	0.000000	1
偓	0.000000	0.000000	3
帜	0.000000	0.000000	22
涿	0.000000	0.000000	13
眹	0.000000	0.000000	2
瑽	0.000000	0.000000	2
拲	0.000000	0.000000	1
硝	0.000000	0.000000	1
莠	0.000000	0.000000	15
戋	0.000000	0.000000	2
迳	0.000000	0.000000	2
氐	0.000000	0.000000	5
魑	0.000000	0.000000	36
苛	0.000000	0.000000	14
匦	0.000000	0.000000	1
簴	0.000000	0.000000	11
陲	0.000000	0.000000	47
缪	0.000000	0.000000	31
仳	0.000000	0.000000	2
洵	0.000000	0.000000	2
赎	0.000000	0.000000	20
睆	0.000000	0.000000	4
杷	0.000000	0.000000	9
燀	0.000000	0.000000	3
瘀	0.000000	0.000000	1
絁	0.000000	0.000000	1
诞	0.000000	0.000000	48
萯	0.000000	0.000000	1
鲧	0.000000	0.000000	3
殪	0.000000	0.000000	3
辩	0.000000	0.000000	46
螽	0.000000	0.000000	4
荦	0.000000	0.000000	12
靠	0.000000	0.000000	2
硙	0.000000	0.000000	1
啜	0.000000	0.000000	27
謥	0.000000	0.000000	2
抉	0.000000	0.000000	9
糠	0.000000	0.000000	19
皦	0.000000	0.000000	9
酦	0.000000	0.000000	2
剜	0.000000	0.000000	10
恧	0.000000	0.000000	6
簁	0.000000	0.000000	2
眶	0.000000	0.000000	1
壹	0.000000	0.000000	4
腆	0.000000	0.000000	1
屎	0.000000	0.000000	1
蟛	0.000000	0.000000	1
禗	0.000000	0.000000	2
榇	0.000000	0.000000	11
苕	0.000000	0.000000	37
涬	0.000000	0.000000	3
僰	0.000000	0.000000	8
醢	0.000000	0.000000	10
臊	0.000000	0.000000	19
晡	0.000000	0.000000	28
袤	0.000000	0.000000	2
栳	0.000000	0.000000	4
螖	0.000000	0.000000	1
捋	0.000000	0.000000	15
獭	0.000000	0.000000	28
箩	0.000000	0.000000	1
鬃	0.000000	0.000000	12
迨	0.000000	0.000000	30
黻	0.000000	0.000000	13
璨	0.000000	0.000000	15
赃	0.000000	0.000000	2
泌	0.000000	0.000000	3
刖	0.000000	0.000000	15
嗫	0.000000	0.000000	2
桔	0.000000	0.000000	19
摊	0.000000	0.000000	3
毸	0.000000	0.000000	6
辋	0.000000	0.000000	10
耋	0.000000	0.000000	9
寨	0.000000	0.000000	14
翟	0.000000	0.000000	40
梡	0.000000	0.000000	3
妥	0.000000	0.000000	16
寮	0.000000	0.000000	43
鳗	0.000000	0.000000	1
侥	0.000000	0.000000	7
钲	0.000000	0.000000	15
衩	0.000000	0.000000	5
侮	0.000000	0.000000	15
楝	0.000000	0.000000	1
婕	0.000000	0.000000	16
瀄	0.000000	0.000000	1
摈	0.000000	0.000000	10
轭	0.000000	0.000000	8
旻	0.000000	0.000000	36
嫭	0.000000	0.000000	4
獐	0.000000	0.000000	6
踡	0.000000	0.000000	5
钻	0.000000	0.000000	21
阪	0.000000	0.000000	8
饬	0.000000	0.000000	12
俋	0.000000	0.000000	1
咡	0.000000	0.000000	1
阃	0.000000	0.000000	49
垞	0.000000	0.000000	4
译	0.000000	0.000000	38
榱	0.000000	0.000000	5
罯	0.000000	0.000000	3
髅	0.000000	0.000000	9
幰	0.000000	0.000000	38
璀	0.000000	0.000000	13
货	0.000000	0.000000	44
埂	0.000000	0.000000	2
琰	0.000000	0.000000	18
撦	0.000000	0.000000	1
倅	0.000000	0.000000	5
麖	0.000000	0.000000	1
庞	0.000000	0.000000	46
棍	0.000000	0.000000	1
獗	0.000000	0.000000	2
筜	0.000000	0.000000	11
它	0.000000	0.000000	11
兑	0.000000	0.000000	6
憝	0.000000	0.000000	1
瀔	0.000000	0.000000	1
筁	0.000000	0.000000	1
橑	0.000000	0.000000	4
竦	0.000000	0.000000	34
鸮	0.000000	0.000000	25
掊	0.000000	0.000000	7
圯	0.000000	0.000000	5
怙	0.000000	0.000000	3
桩	0.000000	0.000000	4
咦	0.000000	0.000000	1
惺	0.000000	0.000000	6
做	0.000000	0.000000	2
鸩	0.000000	0.000000	6
腷	0.000000	0.000000	1
轨	0.000000	0.000000	43
歈	0.000000	0.000000	14
鎝	0.000000	0.000000	1
俪	0.000000	0.000000	13
雊	0.000000	0.000000	5
巑	0.000000	0.000000	7
昳	0.000000	0.000000	2
钥	0.000000	0.000000	34
掁	0.000000	0.000000	3
嗽	0.000000	0.000000	6
襮	0.000000	0.000000	1
拶	0.000000	0.000000	7
诫	0.000000	0.000000	41
罕	0.000000	0.000000	47
荠	0.000000	0.000000	24
躞	0.000000	0.000000	46
飉	0.000000	0.000000	1
躁	0.000000	0.000000	22
娅	0.000000	0.000000	8
瓷	0.000000	0.000000	10
垫	0.000000	0.000000	19
萐	0.000000	0.000000	2
恞	0.000000	0.000000	1
硊	0.000000	0.000000	1
螫	0.000000	0.000000	7
缬	0.000000	0.000000	21
埒	0.000000	0.000000	25
泷	0.000000	0.000000	29
拣	0.000000	0.000000	47
鞦	0.000000	0.000000	5
蹳	0.000000	0.000000	1
裕	0.000000	0.000000	14
碔	0.000000	0.000000	2
恤	0.000000	0.000000	49
溷	0.000000	0.000000	5
捶	0.000000	0.000000	15
痿	0.000000	0.000000	2
朅	0.000000	0.000000	34
奂	0.000000	0.000000	7
啴	0.000000	0.000000	1
叆	0.000000	0.000000	5
漓	0.000000	0.000000	34
膈	0.000000	0.000000	1
擐	0.000000	0.000000	12
痹	0.000000	0.000000	6
麨	0.000000	0.000000	2
缉	0.000000	0.000000	40
擗	0.000000	0.000000	3
弰	0.000000	0.000000	5
堙	0.000000	0.000000	8
谱	0.000000	0.000000	29
犷	0.000000	0.000000	3
撄	0.000000	0.000000	6
匐	0.000000	0.000000	9
桴	0.000000	0.000000	27
鍮	0.000000	0.000000	2
蜥	0.000000	0.000000	4
模	0.000000	0.000000	47
臼	0.000000	0.000000	29
翱	0.000000	0.000000	48
惫	0.000000	0.000000	11
篸	0.000000	0.000000	22
很	0.000000	0.000000	5
祏	0.000000	0.000000	2
镠	0.000000	0.000000	1
矕	0.000000	0.000000	1
剸	0.000000	0.000000	7
餔	0.000000	0.000000	10
谶	0.000000	0.000000	12
抬	0.000000	0.000000	37
蹐	0.000000	0.000000	5
狄	0.000000	0.000000	49
砗	0.000000	0.000000	1
囿	0.000000	0.000000	22
鞲	0.000000	0.000000	29
捽	0.000000	0.000000	7
傩	0.000000	0.000000	8
购	0.000000	0.000000	6
鷇	0.000000	0.000000	10
毖	0.000000	0.000000	2
蚀	0.000000	0.000000	37
犴	0.000000	0.000000	3
魍	0.000000	0.000000	22
鰌	0.000000	0.000000	2
歆	0.000000	0.000000	47
噀	0.000000	0.000000	9
括	0.000000	0.000000	18
跹	0.000000	0.000000	8
飍	0.000000	0.000000	1
瘉	0.000000	0.000000	1
郦	0.000000	0.000000	4
莪	0.000000	0.000000	2
嘿	0.000000	0.000000	10
筛	0.000000	0.000000	6
觋	0.000000	0.000000	7
颅	0.000000	0.000000	2
罐	0.000000	0.000000	1
蜓	0.000000	0.000000	26
姊	0.000000	0.000000	22
恕	0.000000	0.000000	16
捏	0.000000	0.000000	4
焱	0.000000	0.000000	2
阋	0.000000	0.000000	1
诜	0.000000	0.000000	21
蓿	0.000000	0.000000	17
暍	0.000000	0.000000	7
铠	0.000000	0.000000	2
琯	0.000000	0.000000	25
磻	0.000000	0.000000	37
戊	0.000000	0.000000	13
蝙	0.000000	0.000000	16
迅	0.000000	0.000000	42
瓿	0.000000	0.000000	2
囋	0.000000	0.000000	4
矧	0.000000	0.000000	17
柎	0.000000	0.000000	1
汭	0.000000	0.000000	17
槠	0.000000	0.000000	4
搰	0.000000	0.000000	2
枮	0.000000	0.000000	1
渻	0.000000	0.000000	1
璪	0.000000	0.000000	2
揄	0.000000	0.000000	20
隧	0.000000	0.000000	11
钏	0.000000	0.000000	31
纭	0.000000	0.000000	14
袴	0.000000	0.000000	36
硕	0.000000	0.000000	29
聱	0.000000	0.000000	1
悺	0.000000	0.000000	1
郛	0.000000	0.000000	9
拗	0.000000	0.000000	18
澴	0.000000	0.000000	1
篥	0.000000	0.000000	11
廿	0.000000	0.000000	1
勺	0.000000	0.000000	20
绍	0.000000	0.000000	17
杞	0.000000	0.000000	42
迕	0.000000	0.000000	5
撝	0.000000	0.000000	11
輶	0.000000	0.000000	15
觑	0.000000	0.000000	28
覙	0.000000	0.000000	1
呐	0.000000	0.000000	1
潴	0.000000	0.000000	4
嶅	0.000000	0.000000	1
靳	0.000000	0.000000	7
睫	0.000000	0.000000	23
豩	0.000000	0.000000	1
宥	0.000000	0.000000	17
裒	0.000000	0.000000	6
汃	0.000000	0.000000	1
煊	0.000000	0.000000	1
硖	0.000000	0.000000	11
甯	0.000000	0.000000	18
糅	0.000000	0.000000	2
炰	0.000000	0.000000	8
纴	0.000000	0.000000	1
跗	0.000000	0.000000	10
迓	0.000000	0.000000	10
郿	0.000000	0.000000	3
殇	0.000000	0.000000	14
釱	0.000000	0.000000	2
璩	0.000000	0.000000	1
骓	0.000000	0.000000	24
钝	0.000000	0.000000	48
霅	0.000000	0.000000	22
睺	0.000000	0.000000	1
羾	0.000000	0.000000	1
呱	0.000000	0.000000	2
碏	0.000000	0.000000	1
顼	0.000000	0.000000	10
袿	0.000000	0.000000	5
俩	0.000000	0.000000	3
蝠	0.000000	0.000000	15
闯	0.000000	0.000000	2
翚	0.000000	0.000000	13
繐	0.000000	0.000000	17
侹	0.000000	0.000000	1
卯	0.000000	0.000000	33
戙	0.000000	0.000000	2
鳅	0.000000	0.000000	3
嗢	0.000000	0.000000	8
昫	0.000000	0.000000	1
桤	0.000000	0.000000	3
赟	0.000000	0.000000	1
哄	0.000000	0.000000	2
釜	0.000000	0.000000	13
跂	0.000000	0.000000	24
嘎	0.000000	0.000000	4
羜	0.000000	0.000000	1
鳝	0.000000	0.000000	1
捺	0.000000	0.000000	2
鸲	0.000000	0.000000	15
昵	0.000000	0.000000	3
牟	0.000000	0.000000	20
丐	0.000000	0.000000	3
挫	0.000000	0.000000	25
酎	0.000000	0.000000	22
谥	0.000000	0.000000	13
堠	0.000000	0.000000	31
墄	0.000000	0.000000	1
栴	0.000000	0.000000	3
浕	0.000000	0.000000	1
筳	0.000000	0.000000	2
秭	0.000000	0.000000	4
炳	0.000000	0.000000	35
钳	0.000000	0.000000	11
缢	0.000000	0.000000	1
騀	0.000000	0.000000	3
鲨	0.000000	0.000000	1
袈	0.000000	0.000000	46
餗	0.000000	0.000000	2
浥	0.000000	0.000000	21
纥	0.000000	0.000000	12
玭	0.000000	0.000000	1
痔	0.000000	0.000000	1
逮	0.000000	0.000000	30
弝	0.000000	0.000000	3
锤	0.000000	0.000000	18
硠	0.000000	0.000000	2
蜫	0.000000	0.000000	1
猰	0.000000	0.000000	6
踸	0.000000	0.000000	1
诩	0.000000	0.000000	3
搴	0.000000	0.000000	47
啅	0.000000	0.000000	12
櫜	0.000000	0.000000	13
漎	0.000000	0.000000	1
戆	0.000000	0.000000	21
挠	0.000000	0.000000	29
桶	0.000000	0.000000	1
昃	0.000000	0.000000	15
槭	0.000000	0.000000	10
锧	0.000000	0.000000	3
荈	0.000000	0.000000	4
鄠	0.000000	0.000000	22
噢	0.000000	0.000000	3
椟	0.000000	0.000000	2
寔	0.000000	0.000000	3
槟	0.000000	0.000000	9
孥	0.000000	0.000000	31
隤	0.000000	0.000000	7
趄	0.000000	0.000000	3
浏	0.000000	0.000000	3
圮	0.000000	0.000000	6
耨	0.000000	0.000000	20
岊	0.000000	0.000000	2
茄	0.000000	0.000000	2
褶	0.000000	0.000000	2
妩	0.000000	0.000000	6
笈	0.000000	0.000000	25
壸	0.000000	0.000000	1
羝	0.000000	0.000000	4
潞	0.000000	0.000000	5
瘗	0.000000	0.000000	18
餴	0.000000	0.000000	1
噓	0.000000	0.000000	1
肸	0.000000	0.000000	13
洋	0.000000	0.000000	40
瀍	0.000000	0.000000	17
隽	0.000000	0.000000	12
镮	0.000000	0.000000	15
蹂	0.000000	0.000000	3
踘	0.000000	0.000000	5
觏	0.000000	0.000000	20
键	0.000000	0.000000	8
黪	0.000000	0.000000	2
哙	0.000000	0.000000	2
炒	0.000000	0.000000	2
逖	0.000000	0.000000	7
陔	0.000000	0.000000	12
抓	0.000000	0.000000	5
踢	0.000000	0.000000	1
懋	0.000000	0.000000	2
吝	0.000000	0.000000	43
毓	0.000000	0.000000	4
蒟	0.000000	0.000000	3
菩	0.000000	0.000000	19
紃	0.000000	0.000000	1
僭	0.000000	0.000000	10
螌	0.000000	0.000000	1
埽	0.000000	0.000000	1
棙	0.000000	0.000000	1
跣	0.000000	0.000000	7
訾	0.000000	0.000000	9
燋	0.000000	0.000000	16
塿	0.000000	0.000000	7
矐	0.000000	0.000000	1
噤	0.000000	0.000000	9
蛭	0.000000	0.000000	1
襁	0.000000	0.000000	3
憬	0.000000	0.000000	3
抨	0.000000	0.000000	6
勘	0.000000	0.000000	16
濉	0.000000	0.000000	3
刈	0.000000	0.000000	34
悱	0.000000	0.000000	4
甋	0.000000	0.000000	1
疃	0.000000	0.000000	1
伉	0.000000	0.000000	9
芹	0.000000	0.000000	32
螟	0.000000	0.000000	9
漦	0.000000	0.000000	4
潬	0.000000	0.000000	2
澶	0.000000	0.000000	10
阄	0.000000	0.000000	3
赳	0.000000	0.000000	2
姨	0.000000	0.000000	8
掐	0.000000	0.000000	1
槱	0.000000	0.000000	2
鶱	0.000000	0.000000	34
彴	0.000000	0.000000	7
冗	0.000000	0.000000	19
你	0.000000	0.000000	10
朕	0.000000	0.000000	9
蘩	0.000000	0.000000	16
秽	0.000000	0.000000	40
墁	0.000000	0.000000	1
篑	0.000000	0.000000	6
兟	0.000000	0.000000	2
悝	0.000000	0.000000	1
侲	0.000000	0.000000	1
姮	0.000000	0.000000	36
馒	0.000000	0.000000	1
鞫	0.000000	0.000000	1
祛	0.000000	0.000000	32
糯	0.000000	0.000000	5
齾	0.000000	0.000000	2
隟	0.000000	0.000000	2
瀎	0.000000	0.000000	1
玎	0.000000	0.000000	1
哑	0.000000	0.000000	46
痁	0.000000	0.000000	1
熬	0.000000	0.000000	24
牍	0.000000	0.000000	34
嘒	0.000000	0.000000	16
搪	0.000000	0.000000	3
纩	0.000000	0.000000	22
菘	0.000000	0.000000	4
坻	0.000000	0.000000	18
袝	0.000000	0.000000	1
轥	0.000000	0.000000	1
岌	0.000000	0.000000	10
掠	0.000000	0.000000	46
邢	0.000000	0.000000	10
瀡	0.000000	0.000000	1
糕	0.000000	0.000000	3
赡	0.000000	0.000000	9
蚬	0.000000	0.000000	3
瓃	0.000000	0.000000	1
靓	0.000000	0.000000	17
砝	0.000000	0.000000	1
簋	0.000000	0.000000	16
貉	0.000000	0.000000	5
瞑	0.000000	0.000000	17
貐	0.000000	0.000000	5
濬	0.000000	0.000000	11
殂	0.000000	0.000000	7
谘	0.000000	0.000000	4
萎	0.000000	0.000000	48
欃	0.000000	0.000000	19
茔	0.000000	0.000000	27
谛	0.000000	0.000000	18
倔	0.000000	0.000000	6
澼	0.000000	0.000000	2
膘	0.000000	0.000000	6
鞇	0.000000	0.000000	2
洙	0.000000	0.000000	5
醁	0.000000	0.000000	14
喽	0.000000	0.000000	4
鳐	0.000000	0.000000	3
幪	0.000000	0.000000	2
浃	0.000000	0.000000	31
冱	0.000000	0.000000	4
嚚	0.000000	0.000000	4
鰕	0.000000	0.000000	3
斨	0.000000	0.000000	1
肪	0.000000	0.000000	4
鳙	0.000000	0.000000	1
颛	0.000000	0.000000	11
妊	0.000000	0.000000	1
馈	0.000000	0.000000	26
禫	0.000000	0.000000	1
鹫	0.000000	0.000000	15
艋	0.000000	0.000000	23
吒	0.000000	0.000000	11
襻	0.000000	0.000000	2
汞	0.000000	0.000000	40
躇	0.000000	0.000000	46
魃	0.000000	0.000000	3
磓	0.000000	0.000000	2
穑	0.000000	0.000000	42
儳	0.000000	0.000000	1
赜	0.000000	0.000000	11
篲	0.000000	0.000000	9
牂	0.000000	0.000000	8
璋	0.000000	0.000000	31
醿	0.000000	0.000000	3
椽	0.000000	0.000000	23
烝	0.000000	0.000000	32
匆	0.000000	0.000000	37
旓	0.000000	0.000000	3
弁	0.000000	0.000000	34
歼	0.000000	0.000000	15
璞	0.000000	0.000000	49
柷	0.000000	0.000000	1
莞	0.000000	0.000000	6
樾	0.000000	0.000000	13
剃	0.000000	0.000000	36
祯	0.000000	0.000000	36
缌	0.000000	0.000000	2
蝘	0.000000	0.000000	2
拦	0.000000	0.000000	4
箦	0.000000	0.000000	5
抠	0.000000	0.000000	2
爻	0.000000	0.000000	5
蛜	0.000000	0.000000	1
穜	0.000000	0.000000	2
渼	0.000000	0.000000	6
孀	0.000000	0.000000	30
糇	0.000000	0.000000	3
酴	0.000000	0.000000	4
潨	0.000000	0.000000	1
演	0.000000	0.000000	45
浡	0.000000	0.000000	1
诈	0.000000	0.000000	31
颡	0.000000	0.000000	7
咀	0.000000	0.000000	9
睎	0.000000	0.000000	2
掺	0.000000	0.000000	13
薯	0.000000	0.000000	2
癫	0.000000	0.000000	6
溻	0.000000	0.000000	1
颤	0.000000	0.000000	5
诎	0.000000	0.000000	3
跌	0.000000	0.000000	12
岱	0.000000	0.000000	37
澳	0.000000	0.000000	4
鲑	0.000000	0.000000	2
趼	0.000000	0.000000	2
跚	0.000000	0.000000	3
徜	0.000000	0.000000	5
肖	0.000000	0.000000	16
獝	0.000000	0.000000	2
靫	0.000000	0.000000	4
筤	0.000000	0.000000	3
莉	0.000000	0.000000	2
闶	0.000000	0.000000	1
榾	0.000000	0.000000	7
窊	0.000000	0.000000	1
哓	0.000000	0.000000	3
诔	0.000000	0.000000	6
绖	0.000000	0.000000	1
艓	0.000000	0.000000	5
闒	0.000000	0.000000	2
葌	0.000000	0.000000	1
騋	0.000000	0.000000	1
磔	0.000000	0.000000	11
镳	0.000000	0.000000	44
鍜	0.000000	0.000000	1
矬	0.000000	0.000000	2
疫	0.000000	0.000000	9
祔	0.000000	0.000000	2
箵	0.000000	0.000000	3
冏	0.000000	0.000000	9
崟	0.000000	0.000000	7
徕	0.000000	0.000000	2
戕	0.000000	0.000000	2
诙	0.000000	0.000000	5
礱	0.000000	0.000000	1
罚	0.000000	0.000000	29
姐	0.000000	0.000000	1
吺	0.000000	0.000000	1
盒	0.000000	0.000000	1
煽	0.000000	0.000000	2
弛	0.000000	0.000000	16
厖	0.000000	0.000000	4
躧	0.000000	0.000000	4
鞴	0.000000	0.000000	6
淰	0.000000	0.000000	1
狷	0.000000	0.000000	10
陴	0.000000	0.000000	6
樬	0.000000	0.000000	1
芍	0.000000	0.000000	46
璺	0.000000	0.000000	3
篣	0.000000	0.000000	1
颃	0.000000	0.000000	4
蛚	0.000000	0.000000	4
僎	0.000000	0.000000	1
輧	0.000000	0.000000	38
癞	0.000000	0.000000	1
祐	0.000000	0.000000	26
澍	0.000000	0.000000	3
鬐	0.000000	0.000000	24
蹩	0.000000	0.000000	4
骠	0.000000	0.000000	30
媾	0.000000	0.000000	4
衒	0.000000	0.000000	17
遘	0.000000	0.000000	15
濙	0.000000	0.000000	2
栱	0.000000	0.000000	13
蝈	0.000000	0.000000	2
殉	0.000000	0.000000	12
熸	0.000000	0.000000	1
忉	0.000000	0.000000	8
曦	0.000000	0.000000	39
菉	0.000000	0.000000	8
嚘	0.000000	0.000000	3
岵	0.000000	0.000000	2
筦	0.000000	0.000000	5
秃	0.000000	0.000000	26
槊	0.000000	0.000000	22
滏	0.000000	0.000000	1
勍	0.000000	0.000000	11
黾	0.000000	0.000000	23
沔	0.000000	0.000000	8
疟	0.000000	0.000000	14
琇	0.000000	0.000000	3
侔	0.000000	0.000000	22
懱	0.000000	0.000000	1
軨	0.000000	0.000000	1
垤	0.000000	0.000000	3
洮	0.000000	0.000000	33
沁	0.000000	0.000000	17
饫	0.000000	0.000000	17
仝	0.000000	0.000000	9
秕	0.000000	0.000000	9
枘	0.000000	0.000000	3
跋	0.000000	0.000000	27
瞽	0.000000	0.000000	8
遰	0.000000	0.000000	2
酋	0.000000	0.000000	8
箾	0.000000	0.000000	4
颉	0.000000	0.000000	12
荛	0.000000	0.000000	7
阱	0.000000	0.000000	18
嗌	0.000000	0.000000	1
鲋	0.000000	0.000000	7
湊	0.000000	0.000000	1
伾	0.000000	0.000000	1
蜉	0.000000	0.000000	29
苙	0.000000	0.000000	1
輘	0.000000	0.000000	1
酡	0.000000	0.000000	29
蝤	0.000000	0.000000	1
禳	0.000000	0.000000	11
汍	0.000000	0.000000	17
酊	0.000000	0.000000	49
嘹	0.000000	0.000000	30
筮	0.000000	0.000000	19
穰	0.000000	0.000000	32
菼	0.000000	0.000000	21
距	0.000000	0.000000	31
伽	0.000000	0.000000	25
盲	0.000000	0.000000	13
朿	0.000000	0.000000	3
讽	0.000000	0.000000	42
孛	0.000000	0.000000	8
挝	0.000000	0.000000	13
欙	0.000000	0.000000	1
珥	0.000000	0.000000	36
褷	0.000000	0.000000	19
蛄	0.000000	0.000000	20
捃	0.000000	0.000000	3
蕺	0.000000	0.000000	4
籦	0.000000	0.000000	1
廙	0.000000	0.000000	1
瞢	0.000000	0.000000	4
筏	0.000000	0.000000	10
糟	0.000000	0.000000	42
粼	0.000000	0.000000	4
葩	0.000000	0.000000	45
摋	0.000000	0.000000	2
轹	0.000000	0.000000	6
蹴	0.000000	0.000000	29
鸷	0.000000	0.000000	26
赁	0.000000	0.000000	19
姉	0.000000	0.000000	1
蜗	0.000000	0.000000	39
隩	0.000000	0.000000	6
紊	0.000000	0.000000	3
谖	0.000000	0.000000	11
詟	0.000000	0.000000	3
拚	0.000000	0.000000	5
髐	0.000000	0.000000	2
鄱	0.000000	0.000000	34
淇	0.000000	0.000000	41
胛	0.000000	0.000000	2
垦	0.000000	0.000000	11
鞶	0.000000	0.000000	7
駃	0.000000	0.000000	1
煞	0.000000	0.000000	7
垓	0.000000	0.000000	38
嫧	0.000000	0.000000	1
舐	0.000000	0.000000	11
埳	0.000000	0.000000	1
唾	0.000000	0.000000	39
瞬	0.000000	0.000000	32
鸓	0.000000	0.000000	1
吮	0.000000	0.000000	8
螯	0.000000	0.000000	16
刿	0.000000	0.000000	2
耒	0.000000	0.000000	27
塍	0.000000	0.000000	26
圉	0.000000	0.000000	5
串	0.000000	0.000000	9
嘏	0.000000	0.000000	10
瞷	0.000000	0.000000	1
诖	0.000000	0.000000	1
殛	0.000000	0.000000	5
邠	0.000000	0.000000	7
桉	0.000000	0.000000	1
豉	0.000000	0.000000	3
靥	0.000000	0.000000	44
廥	0.000000	0.000000	1
睨	0.000000	0.000000	42
鹑	0.000000	0.000000	18
倥	0.000000	0.000000	1
楮	0.000000	0.000000	6
辣	0.000000	0.000000	1
锸	0.000000	0.000000	19
狠	0.000000	0.000000	2
栉	0.000000	0.000000	42
售	0.000000	0.000000	12
瞪	0.000000	0.000000	18
唼	0.000000	0.000000	9
钤	0.000000	0.000000	13
愐	0.000000	0.000000	1
钞	0.000000	0.000000	6
舠	0.000000	0.000000	14
荥	0.000000	0.000000	19
鸬	0.000000	0.000000	30
忏	0.000000	0.000000	7
剂	0.000000	0.000000	3
簝	0.000000	0.000000	2
弑	0.000000	0.000000	1
牁	0.000000	0.000000	7
荄	0.000000	0.000000	4
绫	0.000000	0.000000	33
鸹	0.000000	0.000000	2
郈	0.000000	0.000000	1
噩	0.000000	0.000000	1
凹	0.000000	0.000000	3
阉	0.000000	0.000000	1
煠	0.000000	0.000000	1
玓	0.000000	0.000000	2
膜	0.000000	0.000000	12
羉	0.000000	0.000000	1
葺	0.000000	0.000000	43
鉟	0.000000	0.000000	1
雒	0.000000	0.000000	14
遝	0.000000	0.000000	5
闓	0.000000	0.000000	4
甈	0.000000	0.000000	1
恓	0.000000	0.000000	15
瞩	0.000000	0.000000	45
疴	0.000000	0.000000	12
锒	0.000000	0.000000	3
俀	0.000000	0.000000	1
滃	0.000000	0.000000	1
簜	0.000000	0.000000	1
讷	0.000000	0.000000	3
嗷	0.000000	0.000000	25
惘	0.000000	0.000000	14
丳	0.000000	0.000000	2
陊	0.000000	0.000000	2
惩	0.000000	0.000000	24
拉	0.000000	0.000000	5
婺	0.000000	0.000000	31
涪	0.000000	0.000000	22
呫	0.000000	0.000000	2
罨	0.000000	0.000000	17
毷	0.000000	0.000000	1
穊	0.000000	0.000000	2
绻	0.000000	0.000000	13
坳	0.000000	0.000000	21
皙	0.000000	0.000000	17
揃	0.000000	0.000000	1
殴	0.000000	0.000000	1
熹	0.000000	0.000000	1
礧	0.000000	0.000000	3
齖	0.000000	0.000000	1
诮	0.000000	0.000000	38
亟	0.000000	0.000000	8
滂	0.000000	0.000000	33
縿	0.000000	0.000000	3
饧	0.000000	0.000000	16
募	0.000000	0.000000	17
柬	0.000000	0.000000	1
奖	0.000000	0.000000	35
迄	0.000000	0.000000	1
押	0.000000	0.000000	16
述	0.000000	0.000000	48
嫜	0.000000	0.000000	3
晼	0.000000	0.000000	15
谕	0.000000	0.000000	41
磹	0.000000	0.000000	1
泜	0.000000	0.000000	1
鲫	0.000000	0.000000	3
筴	0.000000	0.000000	1
掀	0.000000	0.000000	19
锐	0.000000	0.000000	43
憨	0.000000	0.000000	8
杴	0.000000	0.000000	2
厮	0.000000	0.000000	3
畛	0.000000	0.000000	6
煤	0.000000	0.000000	8
噭	0.000000	0.000000	3
艅	0.000000	0.000000	8
漰	0.000000	0.000000	1
泐	0.000000	0.000000	2
齯	0.000000	0.000000	1
眵	0.000000	0.000000	1
欸	0.000000	0.000000	5
愻	0.000000	0.000000	1
輤	0.000000	0.000000	1
璁	0.000000	0.000000	15
矼	0.000000	0.000000	1
绘	0.000000	0.000000	16
糦	0.000000	0.000000	4
豢	0.000000	0.000000	8
藟	0.000000	0.000000	8
舛	0.000000	0.000000	7
巂	0.000000	0.000000	7
驳	0.000000	0.000000	28
挞	0.000000	0.000000	10
蓰	0.000000	0.000000	1
掴	0.000000	0.000000	1
蠲	0.000000	0.000000	25
狸	0.000000	0.000000	34
涴	0.000000	0.000000	16
鲲	0.000000	0.000000	29
痎	0.000000	0.000000	1
懿	0.000000	0.000000	42
蓥	0.000000	0.000000	1
蓁	0.000000	0.000000	5
鸺	0.000000	0.000000	1
簦	0.000000	0.000000	9
阌	0.000000	0.000000	1
郇	0.000000	0.000000	3
矢	0.000000	0.000000	49
祲	0.000000	0.000000	20
洿	0.000000	0.000000	4
坪	0.000000	0.000000	1
侑	0.000000	0.000000	4
怎	0.000000	0.000000	2
赭	0.000000	0.000000	30
蛴	0.000000	0.000000	5
讪	0.000000	0.000000	2
旐	0.000000	0.000000	34
狰	0.000000	0.000000	1
谯	0.000000	0.000000	40
殳	0.000000	0.000000	6
罱	0.000000	0.000000	1
蟹	0.000000	0.000000	31
嶮	0.000000	0.000000	33
赍	0.000000	0.000000	22
痑	0.000000	0.000000	1
阯	0.000000	0.000000	8
鲟	0.000000	0.000000	1
阚	0.000000	0.000000	5
棂	0.000000	0.000000	12
祓	0.000000	0.000000	24
阤	0.000000	0.000000	5
寅	0.000000	0.000000	33
峄	0.000000	0.000000	19
逊	0.000000	0.000000	27
腠	0.000000	0.000000	3
棨	0.000000	0.000000	9
绷	0.000000	0.000000	6
郐	0.000000	0.000000	3
刬	0.000000	0.000000	12
怗	0.000000	0.000000	1
薮	0.000000	0.000000	45
笱	0.000000	0.000000	4
黥	0.000000	0.000000	4
簎	0.000000	0.000000	1
莘	0.000000	0.000000	4
咆	0.000000	0.000000	21
崒	0.000000	0.000000	28
畬	0.000000	0.000000	41
绌	0.000000	0.000000	1
蓂	0.000000	0.000000	47
亶	0.000000	0.000000	1
輵	0.000000	0.000000	1
螗	0.000000	0.000000	4
襋	0.000000	0.000000	1
灿	0.000000	0.000000	14
闍	0.000000	0.000000	10
颾	0.000000	0.000000	1
胮	0.000000	0.000000	1
抒	0.000000	0.000000	2
忺	0.000000	0.000000	1
痰	0.000000	0.000000	5
塌	0.000000	0.000000	8
扩	0.000000	0.000000	1
俘	0.000000	0.000000	10
菽	0.000000	0.000000	14
脐	0.000000	0.000000	17
镩	0.000000	0.000000	1
襚	0.000000	0.000000	1
窬	0.000000	0.000000	1
蓓	0.000000	0.000000	1
輈	0.000000	0.000000	32
猫	0.000000	0.000000	10
垛	0.000000	0.000000	2
皖	0.000000	0.000000	6
磋	0.000000	0.000000	6
吓	0.000000	0.000000	14
歠	0.000000	0.000000	5
憁	0.000000	0.000000	3
炜	0.000000	0.000000	6
觿	0.000000	0.000000	5
劘	0.000000	0.000000	2
蔫	0.000000	0.000000	10
焌	0.000000	0.000000	1
峋	0.000000	0.000000	10
碌	0.000000	0.000000	19
坫	0.000000	0.000000	1
罛	0.000000	0.000000	6
舼	0.000000	0.000000	3
璈	0.000000	0.000000	3
跫	0.000000	0.000000	1
蝎	0.000000	0.000000	3
癸	0.000000	0.000000	6
苜	0.000000	0.000000	17
牸	0.000000	0.000000	3
柽	0.000000	0.000000	28
纽	0.000000	0.000000	19
褥	0.000000	0.000000	31
擉	0.000000	0.000000	2
葼	0.000000	0.000000	1
聃	0.000000	0.000000	9
罂	0.000000	0.000000	20
鹾	0.000000	0.000000	1
陨	0.000000	0.000000	35
磐	0.000000	0.000000	8
跖	0.000000	0.000000	9
挣	0.000000	0.000000	3
伪	0.000000	0.000000	29
餬	0.000000	0.000000	1
壈	0.000000	0.000000	8
觎	0.000000	0.000000	3
斛	0.000000	0.000000	43
卞	0.000000	0.000000	30
騄	0.000000	0.000000	16
狡	0.000000	0.000000	34
艚	0.000000	0.000000	2
螳	0.000000	0.000000	5
鱍	0.000000	0.000000	2
焯	0.000000	0.000000	3
衍	0.000000	0.000000	44
毚	0.000000	0.000000	3
哦	0.000000	0.000000	14
蔗	0.000000	0.000000	22
玼	0.000000	0.000000	2
蒐	0.000000	0.000000	10
牴	0.000000	0.000000	6
庨	0.000000	0.000000	1
荼	0.000000	0.000000	13
渀	0.000000	0.000000	1
磝	0.000000	0.000000	1
愕	0.000000	0.000000	5
疹	0.000000	0.000000	9
榉	0.000000	0.000000	2
硉	0.000000	0.000000	9
镀	0.000000	0.000000	6
蜮	0.000000	0.000000	2
驽	0.000000	0.000000	49
賸	0.000000	0.000000	6
垡	0.000000	0.000000	1
碡	0.000000	0.000000	1
梐	0.000000	0.000000	1
髽	0.000000	0.000000	4
肴	0.000000	0.000000	12
婑	0.000000	0.000000	3
粔	0.000000	0.000000	2
繂	0.000000	0.000000	2
贲	0.000000	0.000000	18
畸	0.000000	0.000000	2
惣	0.000000	0.000000	1
鈚	0.000000	0.000000	1
痺	0.000000	0.000000	3
鎚	0.000000	0.000000	2
譀	0.000000	0.000000	3
嵥	0.000000	0.000000	1
咻	0.000000	0.000000	2
祉	0.000000	0.000000	38
拯	0.000000	0.000000	20
绒	0.000000	0.000000	1
彷	0.000000	0.000000	19
怃	0.000000	0.000000	4
笐	0.000000	0.000000	1
潼	0.000000	0.000000	35
划	0.000000	0.000000	31
堰	0.000000	0.000000	26
惇	0.000000	0.000000	3
闇	0.000000	0.000000	29
喟	0.000000	0.000000	7
嫫	0.000000	0.000000	10
脰	0.000000	0.000000	5
骘	0.000000	0.000000	10
蔻	0.000000	0.000000	22
瀰	0.000000	0.000000	24
址	0.000000	0.000000	18
瑳	0.000000	0.000000	1
究	0.000000	0.000000	33
啬	0.000000	0.000000	3
靴	0.000000	0.000000	24
鈌	0.000000	0.000000	1
甿	0.000000	0.000000	29
弗	0.000000	0.000000	14
硫	0.000000	0.000000	3
蔟	0.000000	0.000000	11
歙	0.000000	0.000000	5
涞	0.000000	0.000000	1
滪	0.000000	0.000000	23
荃	0.000000	0.000000	20
崭	0.000000	0.000000	10
賝	0.000000	0.000000	3
佶	0.000000	0.000000	4
怦	0.000000	0.000000	1
桎	0.000000	0.000000	9
沤	0.000000	0.000000	30
澥	0.000000	0.000000	16
犒	0.000000	0.000000	9
琛	0.000000	0.000000	12
豳	0.000000	0.000000	10
餍	0.000000	0.000000	1
螵	0.000000	0.000000	1
遄	0.000000	0.000000	6
篚	0.000000	0.000000	13
蟆	0.000000	0.000000	33
芥	0.000000	0.000000	14
绚	0.000000	0.000000	16
鷣	0.000000	0.000000	1
撏	0.000000	0.000000	5
耘	0.000000	0.000000	41
韫	0.000000	0.000000	8
砭	0.000000	0.000000	2
渫	0.000000	0.000000	1
殍	0.000000	0.000000	2
枳	0.000000	0.000000	37
猱	0.000000	0.000000	39
蕟	0.000000	0.000000	3
韍	0.000000	0.000000	1
垩	0.000000	0.000000	1
汁	0.000000	0.000000	7
腑	0.000000	0.000000	23
婥	0.000000	0.000000	1
刮	0.000000	0.000000	36
喂	0.000000	0.000000	22
寘	0.000000	0.000000	4
疋	0.000000	0.000000	1
麽	0.000000	0.000000	4
躨	0.000000	0.000000	2
伧	0.000000	0.000000	8
琮	0.000000	0.000000	15
嵕	0.000000	0.000000	2
亥	0.000000	0.000000	26
裋	0.000000	0.000000	4
滦	0.000000	0.000000	1
逦	0.000000	0.000000	34
粥	0.000000	0.000000	29
媵	0.000000	0.000000	3
眚	0.000000	0.000000	2
吻	0.000000	0.000000	15
駮	0.000000	0.000000	3
晔	0.000000	0.000000	17
欬	0.000000	0.000000	1
枸	0.000000	0.000000	4
煼	0.000000	0.000000	1
禖	0.000000	0.000000	6
皿	0.000000	0.000000	1
脏	0.000000	0.000000	11
濊	0.000000	0.000000	1
眴	0.000000	0.000000	1
憾	0.000000	0.000000	5
韭	0.000000	0.000000	7
瘇	0.000000	0.000000	1
抹	0.000000	0.000000	21
鼷	0.000000	0.000000	3
諴	0.000000	0.000000	5
噇	0.000000	0.000000	1
娀	0.000000	0.000000	1
蝣	0.000000	0.000000	25
惔	0.000000	0.000000	1
壳	0.000000	0.000000	29
吷	0.000000	0.000000	1
怛	0.000000	0.000000	3
锯	0.000000	0.000000	9
蝌	0.000000	0.000000	1
傞	0.000000	0.000000	7
魇	0.000000	0.000000	9
圠	0.000000	0.000000	2
琊	0.000000	0.000000	12
臲	0.000000	0.000000	5
鐍	0.000000	0.000000	6
型	0.000000	0.000000	1
絪	0.000000	0.000000	12
烜	0.000000	0.000000	8
棒	0.000000	0.000000	5
痍	0.000000	0.000000	27
簸	0.000000	0.000000	30
诬	0.000000	0.000000	23
膴	0.000000	0.000000	2
鳿	0.000000	0.000000	3
培	0.000000	0.000000	22
禊	0.000000	0.000000	38
熨	0.000000	0.000000	24
訧	0.000000	0.000000	1
鸒	0.000000	0.000000	1
鳆	0.000000	0.000000	1
鴚	0.000000	0.000000	1
嗄	0.000000	0.000000	2
椹	0.000000	0.000000	13
鷤	0.000000	0.000000	1
胼	0.000000	0.000000	7
鞁	0.000000	0.000000	1
栟	0.000000	0.000000	1
抆	0.000000	0.000000	2
粕	0.000000	0.000000	4
踉	0.000000	0.000000	10
孳	0.000000	0.000000	5
绋	0.000000	0.000000	5
佚	0.000000	0.000000	7
骭	0.000000	0.000000	1
缇	0.000000	0.000000	28
眈	0.000000	0.000000	4
胞	0.000000	0.000000	1
浟	0.000000	0.000000	1
酕	0.000000	0.000000	2
魈	0.000000	0.000000	16
鳊	0.000000	0.000000	6
緺	0.000000	0.000000	3
骅	0.000000	0.000000	47
菶	0.000000	0.000000	2
飨	0.000000	0.000000	42
懔	0.000000	0.000000	5
枑	0.000000	0.000000	1
胔	0.000000	0.000000	1
棺	0.000000	0.000000	25
埼	0.000000	0.000000	1
寀	0.000000	0.000000	5
斿	0.000000	0.000000	7
缒	0.000000	0.000000	4
貙	0.000000	0.000000	9
湃	0.000000	0.000000	3
秸	0.000000	0.000000	1
蝹	0.000000	0.000000	1
缗	0.000000	0.000000	23
奎	0.000000	0.000000	1
赛	0.000000	0.000000	45
袯	0.000000	0.000000	1
隵	0.000000	0.000000	1
飁	0.000000	0.000000	1
喑	0.000000	0.000000	5
撶	0.000000	0.000000	1
蛉	0.000000	0.000000	2
绁	0.000000	0.000000	25
梏	0.000000	0.000000	7
揩	0.000000	0.000000	6
煦	0.000000	0.000000	42
壝	0.000000	0.000000	2
枷	0.000000	0.000000	4
孚	0.000000	0.000000	13
鶺	0.000000	0.000000	31
籝	0.000000	0.000000	11
狙	0.000000	0.000000	11
饲	0.000000	0.000000	15
彪	0.000000	0.000000	10
惝	0.000000	0.000000	6
券	0.000000	0.000000	7
儗	0.000000	0.000000	3
樧	0.000000	0.000000	1
卼	0.000000	0.000000	4
缃	0.000000	0.000000	23
匮	0.000000	0.000000	16
觱	0.000000	0.000000	13
媸	0.000000	0.000000	17
刲	0.000000	0.000000	2
狨	0.000000	0.000000	1
捕	0.000000	0.000000	40
艛	0.000000	0.000000	5
肿	0.000000	0.000000	17
皛	0.000000	0.000000	10
摽	0.000000	0.000000	9
铫	0.000000	0.000000	3
嶛	0.000000	0.000000	2
鄯	0.000000	0.000000	1
谭	0.000000	0.000000	45
缧	0.000000	0.000000	19
糗	0.000000	0.000000	3
撤	0.000000	0.000000	27
泞	0.000000	0.000000	14
诳	0.000000	0.000000	8
煅	0.000000	0.000000	1
螆	0.000000	0.000000	1
荏	0.000000	0.000000	23
芼	0.000000	0.000000	3
趫	0.000000	0.000000	15
尪	0.000000	0.000000	2
瘵	0.000000	0.000000	23
槌	0.000000	0.000000	23
沚	0.000000	0.000000	15
凑	0.000000	0.000000	17
埤	0.000000	0.000000	3
绀	0.000000	0.000000	29
祟	0.000000	0.000000	7
敏	0.000000	0.000000	15
朣	0.000000	0.000000	9
煨	0.000000	0.000000	6
瓅	0.000000	0.000000	2
嫣	0.000000	0.000000	15
肦	0.000000	0.000000	1
纚	0.000000	0.000000	4
簏	0.000000	0.000000	8
泸	0.000000	0.000000	31
誾	0.000000	0.000000	1
虢	0.000000	0.000000	20
撕	0.000000	0.000000	1
軏	0.000000	0.000000	2
嫱	0.000000	0.000000	4
爇	0.000000	0.000000	39
榖	0.000000	0.000000	1
唧	0.000000	0.000000	30
踣	0.000000	0.000000	12
禬	0.000000	0.000000	1
攃	0.000000	0.000000	1
薋	0.000000	0.000000	1
笥	0.000000	0.000000	45
猩	0.000000	0.000000	46
弩	0.000000	0.000000	35
蚡	0.000000	0.000000	1
狩	0.000000	0.000000	42
睦	0.000000	0.000000	18
诲	0.000000	0.000000	13
梃	0.000000	0.000000	2
鐶	0.000000	0.000000	1
楔	0.000000	0.000000	1
笡	0.000000	0.000000	1
蘖	0.000000	0.000000	19
涷	0.000000	0.000000	1
堵	0.000000	0.000000	42
趵	0.000000	0.000000	1
萃	0.000000	0.000000	22
豝	0.000000	0.000000	1
卺	0.000000	0.000000	2
蠃	0.000000	0.000000	1
睬	0.000000	0.000000	2
毐	0.000000	0.000000	1
裯	0.000000	0.000000	16
跑	0.000000	0.000000	8
樗	0.000000	0.000000	24
潢	0.000000	0.000000	27
鯈	0.000000	0.000000	1
褣	0.000000	0.000000	1
蘼	0.000000	0.000000	29
泅	0.000000	0.000000	1
酉	0.000000	0.000000	11
贰	0.000000	0.000000	27
谆	0.000000	0.000000	3
揎	0.000000	0.000000	4
搵	0.000000	0.000000	1
晁	0.000000	0.000000	8
需	0.000000	0.000000	8
擂	0.000000	0.000000	3
蠔	0.000000	0.000000	1
炮	0.000000	0.000000	14
崷	0.000000	0.000000	8
屃	0.000000	0.000000	3
葫	0.000000	0.000000	14
酃	0.000000	0.000000	1
嘈	0.000000	0.000000	29
析	0.000000	0.000000	43
墍	0.000000	0.000000	2
诹	0.000000	0.000000	4
撷	0.000000	0.000000	26
戃	0.000000	0.000000	1
泙	0.000000	0.000000	1
汊	0.000000	0.000000	2
椾	0.000000	0.000000	1
鳖	0.000000	0.000000	41
洴	0.000000	0.000000	1
扼	0.000000	0.000000	16
麇	0.000000	0.000000	8
逯	0.000000	0.000000	1
駼	0.000000	0.000000	2
莅	0.000000	0.000000	13
嫂	0.000000	0.000000	20
碓	0.000000	0.000000	20
谄	0.000000	0.000000	15
踼	0.000000	0.000000	1
胙	0.000000	0.000000	9
砢	0.000000	0.000000	6
灊	0.000000	0.000000	3
甽	0.000000	0.000000	1
蚨	0.000000	0.000000	3
肋	0.000000	0.000000	6
瞶	0.000000	0.000000	1
虮	0.000000	0.000000	6
墺	0.000000	0.000000	1
箘	0.000000	0.000000	1
骛	0.000000	0.000000	31
燧	0.000000	0.000000	29
俫	0.000000	0.000000	2
鵩	0.000000	0.000000	38
蟪	0.000000	0.000000	20
豨	0.000000	0.000000	1
蟺	0.000000	0.000000	3
呴	0.000000	0.000000	2
狴	0.000000	0.000000	8
捉	0.000000	0.000000	37
圹	0.000000	0.000000	6
黖	0.000000	0.000000	1
揆	0.000000	0.000000	25
羵	0.000000	0.000000	1
酽	0.000000	0.000000	4
菑	0.000000	0.000000	18
臧	0.000000	0.000000	29
祊	0.000000	0.000000	1
繄	0.000000	0.000000	8
戺	0.000000	0.000000	7
刜	0.000000	0.000000	6
氋	0.000000	0.000000	1
芗	0.000000	0.000000	11
祼	0.000000	0.000000	11
斓	0.000000	0.000000	16
亵	0.000000	0.000000	1
炫	0.000000	0.000000	19
綖	0.000000	0.000000	3
螓	0.000000	0.000000	5
嚭	0.000000	0.000000	3
沴	0.000000	0.000000	24
豚	0.000000	0.000000	25
脁	0.000000	0.000000	48
擿	0.000000	0.000000	4
弨	0.000000	0.000000	1
轲	0.000000	0.000000	32
檉	0.000000	0.000000	1
譊	0.000000	0.000000	7
庖	0.000000	0.000000	37
蹠	0.000000	0.000000	1
珣	0.000000	0.000000	2
甓	0.000000	0.000000	4
橡	0.000000	0.000000	27
鳷	0.000000	0.000000	25
岗	0.000000	0.000000	5
恽	0.000000	0.000000	13
瓒	0.000000	0.000000	10
茈	0.000000	0.000000	1
笭	0.000000	0.000000	3
汧	0.000000	0.000000	4
畜	0.000000	0.000000	15
荚	0.000000	0.000000	35
籹	0.000000	0.000000	2
愀	0.000000	0.000000	8
伎	0.000000	0.000000	44
臛	0.000000	0.000000	2
蟭	0.000000	0.000000	3
蘗	0.000000	0.000000	1
栾	0.000000	0.000000	23
墢	0.000000	0.000000	1
窒	0.000000	0.000000	3
毋	0.000000	0.000000	6
牺	0.000000	0.000000	29
褫	0.000000	0.000000	6
葓	0.000000	0.000000	5
哕	0.000000	0.000000	4
哮	0.000000	0.000000	20
撇	0.000000	0.000000	15
辐	0.000000	0.000000	4
忿	0.000000	0.000000	13
滕	0.000000	0.000000	21
殄	0.000000	0.000000	12
诋	0.000000	0.000000	4
潓	0.000000	0.000000	5
瑾	0.000000	0.000000	5
阬	0.000000	0.000000	1
敖	0.000000	0.000000	13
醇	0.000000	0.000000	33
葆	0.000000	0.000000	19
瓣	0.000000	0.000000	5
粽	0.000000	0.000000	6
俣	0.000000	0.000000	2
嵫	0.000000	0.000000	10
赉	0.000000	0.000000	7
髧	0.000000	0.000000	1
抝	0.000000	0.000000	1
奡	0.000000	0.000000	1
璿	0.000000	0.000000	17
蝥	0.000000	0.000000	8
枇	0.000000	0.000000	9
鴐	0.000000	0.000000	1
阏	0.000000	0.000000	14
惴	0.000000	0.000000	6
谨	0.000000	0.000000	11
兜	0.000000	0.000000	18
缰	0.000000	0.000000	18
镐	0.000000	0.000000	40
鞬	0.000000	0.000000	15
艖	0.000000	0.000000	1
鞈	0.000000	0.000000	1
襆	0.000000	0.000000	10
罘	0.000000	0.000000	27
罄	0.000000	0.000000	33
枓	0.000000	0.000000	1
巿	0.000000	0.000000	1
嫄	0.000000	0.000000	1
饷	0.000000	0.000000	39
郪	0.000000	0.000000	1
耔	0.000000	0.000000	1
餤	0.000000	0.000000	1
惄	0.000000	0.000000	3
堌	0.000000	0.000000	1
袒	0.000000	0.000000	15
菂	0.000000	0.000000	4
捄	0.000000	0.000000	1
蜕	0.000000	0.000000	36
鹜	0.000000	0.000000	26
侃	0.000000	0.000000	7
讫	0.000000	0.000000	10
粹	0.000000	0.000000	18
氓	0.000000	0.000000	35
稑	0.000000	0.000000	1
柑	0.000000	0.000000	10
矇	0.000000	0.000000	1
淘	0.000000	0.000000	31
枰	0.000000	0.000000	10
娄	0.000000	0.000000	30
蜷	0.000000	0.000000	1
睽	0.000000	0.000000	16
谳	0.000000	0.000000	1
鱏	0.000000	0.000000	1
髿	0.000000	0.000000	1
騊	0.000000	0.000000	2
蒻	0.000000	0.000000	1
些	0.000000	0.000000	44
叮	0.000000	0.000000	7
梠	0.000000	0.000000	2
旖	0.000000	0.000000	16
倨	0.000000	0.000000	3
仔	0.000000	0.000000	9
嵸	0.000000	0.000000	4
阎	0.000000	0.000000	42
齰	0.000000	0.000000	3
粜	0.000000	0.000000	3
阽	0.000000	0.000000	1
喋	0.000000	0.000000	3
衽	0.000000	0.000000	18
霢	0.000000	0.000000	9
栜	0.000000	0.000000	1
嶱	0.000000	0.000000	1
趑	0.000000	0.000000	3
俾	0.000000	0.000000	32
猢	0.000000	0.000000	1
辚	0.000000	0.000000	15
裰	0.000000	0.000000	1
祁	0.000000	0.000000	24
怏	0.000000	0.000000	14
竁	0.000000	0.000000	3
确	0.000000	0.000000	15
赶	0.000000	0.000000	1
挪	0.000000	0.000000	6
媟	0.000000	0.000000	1
榷	0.000000	0.000000	5
拓	0.000000	0.000000	34
描	0.000000	0.000000	12
窣	0.000000	0.000000	31
癃	0.000000	0.000000	2
绐	0.000000	0.000000	1
鞟	0.000000	0.000000	1
劖	0.000000	0.000000	3
鹖	0.000000	0.000000	10
谑	0.000000	0.000000	34
铇	0.000000	0.000000	1
稗	0.000000	0.000000	10
巽	0.000000	0.000000	3
湔	0.000000	0.000000	12
蠓	0.000000	0.000000	3
淦	0.000000	0.000000	2
歃	0.000000	0.000000	3
蟊	0.000000	0.000000	5
某	0.000000	0.000000	1
泚	0.000000	0.000000	13
薿	0.000000	0.000000	1
穮	0.000000	0.000000	1
瀌	0.000000	0.000000	1
驸	0.000000	0.000000	7
痼	0.000000	0.000000	6
叇	0.000000	0.000000	4
箙	0.000000	0.000000	3
篦	0.000000	0.000000	16
嬖	0.000000	0.000000	4
粤	0.000000	0.000000	31
帼	0.000000	0.000000	2
赝	0.000000	0.000000	1
薖	0.000000	0.000000	1
拌	0.000000	0.000000	4
稊	0.000000	0.000000	8
壒	0.000000	0.000000	8
颏	0.000000	0.000000	2
葹	0.000000	0.000000	4
腯	0.000000	0.000000	1
隍	0.000000	0.000000	21
糒	0.000000	0.000000	1
蛤	0.000000	0.000000	16
玫	0.000000	0.000000	21
浼	0.000000	0.000000	5
兕	0.000000	0.000000	22
餦	0.000000	0.000000	1
煴	0.000000	0.000000	4
箐	0.000000	0.000000	2
髋	0.000000	0.000000	1
凚	0.000000	0.000000	1
襜	0.000000	0.000000	38
蚌	0.000000	0.000000	47
紧	0.000000	0.000000	45
瓤	0.000000	0.000000	2
镣	0.000000	0.000000	1
喢	0.000000	0.000000	2
佷	0.000000	0.000000	1
譬	0.000000	0.000000	23
枲	0.000000	0.000000	1
燃	0.000000	0.000000	43
褊	0.000000	0.000000	20
毹	0.000000	0.000000	4
楞	0.000000	0.000000	21
悌	0.000000	0.000000	10
踍	0.000000	0.000000	1
渟	0.000000	0.000000	7
沆	0.000000	0.000000	26
晃	0.000000	0.000000	24
鋗	0.000000	0.000000	1
崧	0.000000	0.000000	3
幮	0.000000	0.000000	2
禨	0.000000	0.000000	1
盭	0.000000	0.000000	1
胱	0.000000	0.000000	1
钮	0.000000	0.000000	2
删	0.000000	0.000000	16
窱	0.000000	0.000000	2
硎	0.000000	0.000000	14
屳	0.000000	0.000000	1
騑	0.000000	0.000000	19
潏	0.000000	0.000000	17
绞	0.000000	0.000000	6
蝀	0.000000	0.000000	18
椭	0.000000	0.000000	1
旞	0.000000	0.000000	2
邕	0.000000	0.000000	34
壕	0.000000	0.000000	18
樏	0.000000	0.000000	1
焘	0.000000	0.000000	2
酙	0.000000	0.000000	1
灒	0.000000	0.000000	1
撰	0.000000	0.000000	14
駷	0.000000	0.000000	1
滁	0.000000	0.000000	3
孱	0.000000	0.000000	38
瀩	0.000000	0.000000	1
噰	0.000000	0.000000	1
猵	0.000000	0.000000	2
黼	0.000000	0.000000	20
怍	0.000000	0.000000	2
苎	0.000000	0.000000	40
皑	0.000000	0.000000	17
揠	0.000000	0.000000	2
駴	0.000000	0.000000	1
溳	0.000000	0.000000	4
睢	0.000000	0.000000	36
溲	0.000000	0.000000	1
哆	0.000000	0.000000	1
缱	0.000000	0.000000	12
拽	0.000000	0.000000	14
摛	0.000000	0.000000	16
荟	0.000000	0.000000	8
贴	0.000000	0.000000	29
煁	0.000000	0.000000	3
贳	0.000000	0.000000	34
觚	0.000000	0.000000	6
汩	0.000000	0.000000	37
霋	0.000000	0.000000	1
症	0.000000	0.000000	1
湫	0.000000	0.000000	28
硇	0.000000	0.000000	1
胚	0.000000	0.000000	7
矗	0.000000	0.000000	13
锻	0.000000	0.000000	13
彝	0.000000	0.000000	37
丕	0.000000	0.000000	15
踔	0.000000	0.000000	4
蟜	0.000000	0.000000	2
慌	0.000000	0.000000	3
榕	0.000000	0.000000	4
騃	0.000000	0.000000	11
彬	0.000000	0.000000	6
镪	0.000000	0.000000	5
緉	0.000000	0.000000	1
杆	0.000000	0.000000	7
栝	0.000000	0.000000	10
殒	0.000000	0.000000	15
喃	0.000000	0.000000	12
杻	0.000000	0.000000	1
苹	0.000000	0.000000	8
竫	0.000000	0.000000	1
匌	0.000000	0.000000	1
妹	0.000000	0.000000	43
阒	0.000000	0.000000	12
铉	0.000000	0.000000	11
纂	0.000000	0.000000	21
瓟	0.000000	0.000000	1
甍	0.000000	0.000000	43
奥	0.000000	0.000000	44
亳	0.000000	0.000000	1
楛	0.000000	0.000000	3
歜	0.000000	0.000000	1
缫	0.000000	0.000000	8
悚	0.000000	0.000000	6
芣	0.000000	0.000000	3
磈	0.000000	0.000000	3
柿	0.000000	0.000000	25
殆	0.000000	0.000000	7
躃	0.000000	0.000000	2
楗	0.000000	0.000000	4
淬	0.000000	0.000000	31
牦	0.000000	0.000000	5
搓	0.000000	0.000000	9
娼	0.000000	0.000000	17
摸	0.000000	0.000000	5
僾	0.000000	0.000000	10
愔	0.000000	0.000000	25
拈	0.000000	0.000000	46
赑	0.000000	0.000000	4
琏	0.000000	0.000000	7
漼	0.000000	0.000000	2
疼	0.000000	0.000000	7
畲	0.000000	0.000000	3
匼	0.000000	0.000000	8
镡	0.000000	0.000000	3
撅	0.000000	0.000000	4
涣	0.000000	0.000000	24
跙	0.000000	0.000000	4
孩	0.000000	0.000000	42
瘁	0.000000	0.000000	13
轫	0.000000	0.000000	3
锉	0.000000	0.000000	5
痏	0.000000	0.000000	7
玻	0.000000	0.000000	4
姱	0.000000	0.000000	1
蘸	0.000000	0.000000	35
呀	0.000000	0.000000	28
麈	0.000000	0.000000	43
僜	0.000000	0.000000	1
鲎	0.000000	0.000000	2
榈	0.000000	0.000000	7
罅	0.000000	0.000000	46
遒	0.000000	0.000000	28
畯	0.000000	0.000000	2
沪	0.000000	0.000000	2
禧	0.000000	0.000000	1
铓	0.000000	0.000000	41
桄	0.000000	0.000000	10
怔	0.000000	0.000000	1
窀	0.000000	0.000000	2
鷃	0.000000	0.000000	19
鋋	0.000000	0.000000	34
撜	0.000000	0.000000	1
嵽	0.000000	0.000000	4
杲	0.000000	0.000000	14
褵	0.000000	0.000000	18
潎	0.000000	0.000000	2
橐	0.000000	0.000000	46
蚏	0.000000	0.000000	1
镏	0.000000	0.000000	2
扎	0.000000	0.000000	4
袪	0.000000	0.000000	7
栅	0.000000	0.000000	26
姒	0.000000	0.000000	9
浚	0.000000	0.000000	30
谀	0.000000	0.000000	13
汕	0.000000	0.000000	1
廌	0.000000	0.000000	2
矾	0.000000	0.000000	1
铰	0.000000	0.000000	3
瓓	0.000000	0.000000	1
茆	0.000000	0.000000	33
藾	0.000000	0.000000	1
瘥	0.000000	0.000000	5
淀	0.000000	0.000000	5
恚	0.000000	0.000000	2
漕	0.000000	0.000000	10
赚	0.000000	0.000000	17
蕝	0.000000	0.000000	1
廨	0.000000	0.000000	13
睥	0.000000	0.000000	28
瘢	0.000000	0.000000	8
蚃	0.000000	0.000000	15
抶	0.000000	0.000000	3
鹍	0.000000	0.000000	37
镒	0.000000	0.000000	7
嫦	0.000000	0.000000	48
忲	0.000000	0.000000	1
霾	0.000000	0.000000	35
惙	0.000000	0.000000	1
漩	0.000000	0.000000	6
呙	0.000000	0.000000	1
垠	0.000000	0.000000	40
洹	0.000000	0.000000	1
灺	0.000000	0.000000	10
餫	0.000000	0.000000	1
秤	0.000000	0.000000	11
骡	0.000000	0.000000	12
贶	0.000000	0.000000	47
汐	0.000000	0.000000	2
赘	0.000000	0.000000	9
醭	0.000000	0.000000	4
耄	0.000000	0.000000	10
嵊	0.000000	0.000000	5
秧	0.000000	0.000000	12
该	0.000000	0.000000	21
貊	0.000000	0.000000	13
卤	0.000000	0.000000	41
彀	0.000000	0.000000	8
袨	0.000000	0.000000	5
虓	0.000000	0.000000	2
玷	0.000000	0.000000	37
籀	0.000000	0.000000	5
懵	0.000000	0.000000	12
弇	0.000000	0.000000	1
础	0.000000	0.000000	17
蜒	0.000000	0.000000	7
港	0.000000	0.000000	5
稔	0.000000	0.000000	49
礴	0.000000	0.000000	7
浯	0.000000	0.000000	4
慆	0.000000	0.000000	1
涎	0.000000	0.000000	33
喈	0.000000	0.000000	8
儓	0.000000	0.000000	1
搭	0.000000	0.000000	11
柁	0.000000	0.000000	13
蝴	0.000000	0.000000	47
镫	0.000000	0.000000	37
嚗	0.000000	0.000000	1
楠	0.000000	0.000000	30
伥	0.000000	0.000000	6
鞅	0.000000	0.000000	31
攸	0.000000	0.000000	43
圈	0.000000	0.000000	2
嶒	0.000000	0.000000	9
嗅	0.000000	0.000000	22
棁	0.000000	0.000000	4
瀚	0.000000	0.000000	31
扐	0.000000	0.000000	1
陡	0.000000	0.000000	6
轗	0.000000	0.000000	10
檇	0.000000	0.000000	2
嶓	0.000000	0.000000	11
繻	0.000000	0.000000	22
柞	0.000000	0.000000	6
刁	0.000000	0.000000	32
猬	0.000000	0.000000	9
暧	0.000000	0.000000	43
蒜	0.000000	0.000000	6
滍	0.000000	0.000000	1
滈	0.000000	0.000000	1
伺	0.000000	0.000000	20
凊	0.000000	0.000000	4
褴	0.000000	0.000000	3
鬻	0.000000	0.000000	23
茙	0.000000	0.000000	2
厝	0.000000	0.000000	2
戌	0.000000	0.000000	6
骣	0.000000	0.000000	2
黠	0.000000	0.000000	34
舳	0.000000	0.000000	16
缲	0.000000	0.000000	18
剞	0.000000	0.000000	1
狯	0.000000	0.000000	1
籞	0.000000	0.000000	20
眦	0.000000	0.000000	10
翥	0.000000	0.000000	37
呗	0.000000	0.000000	6
燖	0.000000	0.000000	2
獑	0.000000	0.000000	2
艮	0.000000	0.000000	8
铩	0.000000	0.000000	16
郏	0.000000	0.000000	3
妲	0.000000	0.000000	6
闉	0.000000	0.000000	28
倕	0.000000	0.000000	1
郅	0.000000	0.000000	9
庥	0.000000	0.000000	2
缡	0.000000	0.000000	3
腮	0.000000	0.000000	38
蓣	0.000000	0.000000	2
璠	0.000000	0.000000	19
麚	0.000000	0.000000	6
葑	0.000000	0.000000	18
鸀	0.000000	0.000000	3
耗	0.000000	0.000000	38
鷔	0.000000	0.000000	1
贷	0.000000	0.000000	16
咿	0.000000	0.000000	26
瓠	0.000000	0.000000	18
埇	0.000000	0.000000	1
筚	0.000000	0.000000	3
估	0.000000	0.000000	23
逅	0.000000	0.000000	30
撺	0.000000	0.000000	1
踦	0.000000	0.000000	1
歊	0.000000	0.000000	15
褕	0.000000	0.000000	12
癣	0.000000	0.000000	1
螺	0.000000	0.000000	39
纁	0.000000	0.000000	15
揵	0.000000	0.000000	1
贩	0.000000	0.000000	13
飂	0.000000	0.000000	1
搒	0.000000	0.000000	2
咂	0.000000	0.000000	4
铘	0.000000	0.000000	13
禔	0.000000	0.000000	3
薶	0.000000	0.000000	1
炽	0.000000	0.000000	26
駰	0.000000	0.000000	2
锜	0.000000	0.000000	5
坑	0.000000	0.000000	41
睒	0.000000	0.000000	6
迦	0.000000	0.000000	14
洏	0.000000	0.000000	7
澌	0.000000	0.000000	42
狁	0.000000	0.000000	3
縢	0.000000	0.000000	7
钢	0.000000	0.000000	4
呢	0.000000	0.000000	1
帩	0.000000	0.000000	3
裆	0.000000	0.000000	6
溴	0.000000	0.000000	1
觳	0.000000	0.000000	6
渍	0.000000	0.000000	42
黤	0.000000	0.000000	5
鸶	0.000000	0.000000	31
陬	0.000000	0.000000	24
郧	0.000000	0.000000	6
摭	0.000000	0.000000	7
镛	0.000000	0.000000	25
蚍	0.000000	0.000000	3
篝	0.000000	0.000000	3
粻	0.000000	0.000000	1
糵	0.000000	0.000000	18
笞	0.000000	0.000000	9
桁	0.000000	0.000000	17
聋	0.000000	0.000000	43
抖	0.000000	0.000000	9
櫑	0.000000	0.000000	1
盱	0.000000	0.000000	17
匿	0.000000	0.000000	22
韎	0.000000	0.000000	1
肚	0.000000	0.000000	10
矻	0.000000	0.000000	19
呕	0.000000	0.000000	16
昶	0.000000	0.000000	2
镕	0.000000	0.000000	2
鍧	0.000000	0.000000	3
皴	0.000000	0.000000	25
獮	0.000000	0.000000	7
褪	0.000000	0.000000	4
玑	0.000000	0.000000	42
癯	0.000000	0.000000	3
湎	0.000000	0.000000	7
迭	0.000000	0.000000	14
潠	0.000000	0.000000	1
毙	0.000000	0.000000	15
惰	0.000000	0.000000	18
驎	0.000000	0.000000	22
锹	0.000000	0.000000	1
嵲	0.000000	0.000000	4
剉	0.000000	0.000000	8
醮	0.000000	0.000000	47
矩	0.000000	0.000000	17
蔾	0.000000	0.000000	1
騕	0.000000	0.000000	24
裓	0.000000	0.000000	1
霙	0.000000	0.000000	3
埙	0.000000	0.000000	16
廪	0.000000	0.000000	32
茇	0.000000	0.000000	2
屴	0.000000	0.000000	2
澡	0.000000	0.000000	9
溓	0.000000	0.000000	2
漭	0.000000	0.000000	29
蔺	0.000000	0.000000	4
驵	0.000000	0.000000	1
鉎	0.000000	0.000000	2
螬	0.000000	0.000000	3
侄	0.000000	0.000000	38
勾	0.000000	0.000000	36
硾	0.000000	0.000000	8
赆	0.000000	0.000000	12
陉	0.000000	0.000000	11
忪	0.000000	0.000000	2
砍	0.000000	0.000000	1
頫	0.000000	0.000000	3
荞	0.000000	0.000000	6
黩	0.000000	0.000000	21
蜑	0.000000	0.000000	1
溘	0.000000	0.000000	9
縆	0.000000	0.000000	16
焮	0.000000	0.000000	3
袷	0.000000	0.000000	17
榔	0.000000	0.000000	29
襭	0.000000	0.000000	3
洼	0.000000	0.000000	28
轵	0.000000	0.000000	2
髂	0.000000	0.000000	1
邅	0.000000	0.000000	46
欧	0.000000	0.000000	15
忒	0.000000	0.000000	17
炅	0.000000	0.000000	3
蹢	0.000000	0.000000	2
彗	0.000000	0.000000	20
噏	0.000000	0.000000	1
诽	0.000000	0.000000	1
沨	0.000000	0.000000	1
萨	0.000000	0.000000	7
粪	0.000000	0.000000	31
衅	0.000000	0.000000	13
詹	0.000000	0.000000	11
鼯	0.000000	0.000000	24
胤	0.000000	0.000000	23
獓	0.000000	0.000000	1
熔	0.000000	0.000000	23
槬	0.000000	0.000000	1
蜚	0.000000	0.000000	4
暾	0.000000	0.000000	37
朐	0.000000	0.000000	3
螂	0.000000	0.000000	6
橹	0.000000	0.000000	44
闠	0.000000	0.000000	5
疽	0.000000	0.000000	3
媲	0.000000	0.000000	2
岨	0.000000	0.000000	4
弭	0.000000	0.000000	35
奄	0.000000	0.000000	20
缵	0.000000	0.000000	5
鞳	0.000000	0.000000	1
泄	0.000000	0.000000	47
撒	0.000000	0.000000	9
鞚	0.000000	0.000000	19
荜	0.000000	0.000000	30
缴	0.000000	0.000000	36
勃	0.000000	0.000000	24
笄	0.000000	0.000000	19
柅	0.000000	0.000000	1
譾	0.000000	0.000000	1
撮	0.000000	0.000000	9
溵	0.000000	0.000000	1
碾	0.000000	0.000000	46
完	0.000000	0.000000	28
绯	0.000000	0.000000	36
漻	0.000000	0.000000	2
悖	0.000000	0.000000	5
较	0.000000	0.000000	37
媮	0.000000	0.000000	1
鬒	0.000000	0.000000	3
讟	0.000000	0.000000	4
爞	0.000000	0.000000	2
棕	0.000000	0.000000	28
蝮	0.000000	0.000000	8
厉	0.000000	0.000000	48
挚	0.000000	0.000000	3
惶	0.000000	0.000000	31
籴	0.000000	0.000000	6
爝	0.000000	0.000000	3
燔	0.000000	0.000000	11
蘙	0.000000	0.000000	1
褚	0.000000	0.000000	14
现	0.000000	0.000000	23
螀	0.000000	0.000000	23
狲	0.000000	0.000000	1
悛	0.000000	0.000000	3
搂	0.000000	0.000000	1
茯	0.000000	0.000000	23
鷟	0.000000	0.000000	18
瞵	0.000000	0.000000	1
忸	0.000000	0.000000	4
佪	0.000000	0.000000	1
玦	0.000000	0.000000	15
郄	0.000000	0.000000	31
荖	0.000000	0.000000	1
蛸	0.000000	0.000000	17
菹	0.000000	0.000000	10
佺	0.000000	0.000000	6
飧	0.000000	0.000000	23
畎	0.000000	0.000000	20
绸	0.000000	0.000000	27
羯	0.000000	0.000000	32
苣	0.000000	0.000000	5
劾	0.000000	0.000000	7
缋	0.000000	0.000000	9
猊	0.000000	0.000000	5
噎	0.000000	0.000000	12
暹	0.000000	0.000000	1
謏	0.000000	0.000000	5
襹	0.000000	0.000000	1
瑊	0.000000	0.000000	3
鬘	0.000000	0.000000	4
谠	0.000000	0.000000	12
紬	0.000000	0.000000	1
哈	0.000000	0.000000	1
鲦	0.000000	0.000000	2
蚛	0.000000	0.000000	1
嵍	0.000000	0.000000	1
悁	0.000000	0.000000	6
腔	0.000000	0.000000	2
厂	0.000000	0.000000	1
酅	0.000000	0.000000	3
饼	0.000000	0.000000	33
綦	0.000000	0.000000	15
骂	0.000000	0.000000	13
菇	0.000000	0.000000	1
抃	0.000000	0.000000	31
赩	0.000000	0.000000	14
锺	0.000000	0.000000	1
鳄	0.000000	0.000000	1
攕	0.000000	0.000000	2
灸	0.000000	0.000000	8
爚	0.000000	0.000000	7
碨	0.000000	0.000000	1
欷	0.000000	0.000000	12
馗	0.000000	0.000000	1
棚	0.000000	0.000000	10
篷	0.000000	0.000000	40
蠵	0.000000	0.000000	1
觫	0.000000	0.000000	6
罻	0.000000	0.000000	2
鵊	0.000000	0.000000	4
蹁	0.000000	0.000000	4
壬	0.000000	0.000000	7
唶	0.000000	0.000000	1
槽	0.000000	0.000000	37
蹜	0.000000	0.000000	1
纆	0.000000	0.000000	6
曈	0.000000	0.000000	44
龠	0.000000	0.000000	3
酾	0.000000	0.000000	1
轾	0.000000	0.000000	1
辫	0.000000	0.000000	5
濎	0.000000	0.000000	1
翕	0.000000	0.000000	40
嗈	0.000000	0.000000	5
娜	0.000000	0.000000	39
楷	0.000000	0.000000	9
屟	0.000000	0.000000	13
枞	0.000000	0.000000	2
佾	0.000000	0.000000	15
菸	0.000000	0.000000	3
藨	0.000000	0.000000	1
鞯	0.000000	0.000000	15
阂	0.000000	0.000000	8
郯	0.000000	0.000000	2
询	0.000000	0.000000	27
躔	0.000000	0.000000	21
鸃	0.000000	0.000000	2
蜲	0.000000	0.000000	1
稿	0.000000	0.000000	7
筼	0.000000	0.000000	11
橙	0.000000	0.000000	22
曚	0.000000	0.000000	3
镝	0.000000	0.000000	26
瓘	0.000000	0.000000	2
獍	0.000000	0.000000	1
崦	0.000000	0.000000	32
邬	0.000000	0.000000	2
蘧	0.000000	0.000000	15
纠	0.000000	0.000000	33
赌	0.000000	0.000000	48
曼	0.000000	0.000000	34
僦	0.000000	0.000000	1
駬	0.000000	0.000000	1
泳	0.000000	0.000000	27
琬	0.000000	0.000000	7
椁	0.000000	0.000000	2
檎	0.000000	0.000000	2
窿	0.000000	0.000000	3
卵	0.000000	0.000000	34
泼	0.000000	0.000000	38
晤	0.000000	0.000000	36
匍	0.000000	0.000000	8
呞	0.000000	0.000000	1
牲	0.000000	0.000000	49
隗	0.000000	0.000000	38
舣	0.000000	0.000000	13
洚	0.000000	0.000000	2
簩	0.000000	0.000000	1
岧	0.000000	0.000000	49
慊	0.000000	0.000000	4
鸊	0.000000	0.000000	18
舔	0.000000	0.000000	1
掞	0.000000	0.000000	16
斐	0.000000	0.000000	16
廒	0.000000	0.000000	3
芟	0.000000	0.000000	24
隃	0.000000	0.000000	1
蕈	0.000000	0.000000	4
拊	0.000000	0.000000	24
踬	0.000000	0.000000	12
痟	0.000000	0.000000	2
鞘	0.000000	0.000000	26
篪	0.000000	0.000000	19
砺	0.000000	0.000000	36
畤	0.000000	0.000000	12
隮	0.000000	0.000000	3
躩	0.000000	0.000000	6
昞	0.000000	0.000000	1
窝	0.000000	0.000000	2
汇	0.000000	0.000000	16
签	0.000000	0.000000	31
葐	0.000000	0.000000	1
礒	0.000000	0.000000	1
劻	0.000000	0.000000	2
嫪	0.000000	0.000000	3
鵕	0.000000	0.000000	2
訇	0.000000	0.000000	8
薅	0.000000	0.000000	3
僴	0.000000	0.000000	2
雘	0.000000	0.000000	11
帻	0.000000	0.000000	41
轿	0.000000	0.000000	1
妤	0.000000	0.000000	16
龀	0.000000	0.000000	2
荪	0.000000	0.000000	44
嗥	0.000000	0.000000	12
捻	0.000000	0.000000	13
铨	0.000000	0.000000	11
愯	0.000000	0.000000	1
蓪	0.000000	0.000000	3
跛	0.000000	0.000000	9
鼋	0.000000	0.000000	25
赈	0.000000	0.000000	4
姞	0.000000	0.000000	1
摅	0.000000	0.000000	32
圪	0.000000	0.000000	1
罝	0.000000	0.000000	16
洫	0.000000	0.000000	5
榸	0.000000	0.000000	2
朮	0.000000	0.000000	40
蕲	0.000000	0.000000	15
洎	0.000000	0.000000	6
佣	0.000000	0.000000	15
珓	0.000000	0.000000	1
咈	0.000000	0.000000	1
拒	0.000000	0.000000	34
惛	0.000000	0.000000	4
跞	0.000000	0.000000	2
廖	0.000000	0.000000	2
媪	0.000000	0.000000	9
搉	0.000000	0.000000	1
毵	0.000000	0.000000	21
懦	0.000000	0.000000	30
毳	0.000000	0.000000	47
搤	0.000000	0.000000	1
飔	0.000000	0.000000	22
擫	0.000000	0.000000	3
呿	0.000000	0.000000	1
笆	0.000000	0.000000	2
庳	0.000000	0.000000	11
黉	0.000000	0.000000	1
驔	0.000000	0.000000	9
谜	0.000000	0.000000	2
橦	0.000000	0.000000	6
膋	0.000000	0.000000	10
氎	0.000000	0.000000	9
缟	0.000000	0.000000	28
蒺	0.000000	0.000000	14
摐	0.000000	0.000000	39
虥	0.000000	0.000000	2
韡	0.000000	0.000000	1
谴	0.000000	0.000000	30
鶬	0.000000	0.000000	13
哜	0.000000	0.000000	1
濞	0.000000	0.000000	3
蜦	0.000000	0.000000	1
詧	0.000000	0.000000	1
騣	0.000000	0.000000	13
瑝	0.000000	0.000000	1
郗	0.000000	0.000000	8
詈	0.000000	0.000000	5
澒	0.000000	0.000000	18
烻	0.000000	0.000000	4
旰	0.000000	0.000000	22
輗	0.000000	0.000000	1
饁	0.000000	0.000000	2
醵	0.000000	0.000000	4
臡	0.000000	0.000000	1
飚	0.000000	0.000000	7
戾	0.000000	0.000000	44
琥	0.000000	0.000000	40
鼐	0.000000	0.000000	11
燠	0.000000	0.000000	26
韔	0.000000	0.000000	1
黬	0.000000	0.000000	1
忤	0.000000	0.000000	25
浉	0.000000	0.000000	1
黧	0.000000	0.000000	3
猧	0.000000	0.000000	3
繙	0.000000	0.000000	2
厩	0.000000	0.000000	44
霪	0.000000	0.000000	9
镆	0.000000	0.000000	15
坷	0.000000	0.000000	4
皈	0.000000	0.000000	2
傧	0.000000	0.000000	1
搀	0.000000	0.000000	4
緵	0.000000	0.000000	1
涝	0.000000	0.000000	2
髟	0.000000	0.000000	3
鹣	0.000000	0.000000	1
镰	0.000000	0.000000	11
爟	0.000000	0.000000	2
竽	0.000000	0.000000	45
莨	0.000000	0.000000	1
繇	0.000000	0.000000	25
髇	0.000000	0.000000	8
滤	0.000000	0.000000	18
墐	0.000000	0.000000	4
璘	0.000000	0.000000	5
晛	0.000000	0.000000	1
餧	0.000000	0.000000	1
骕	0.000000	0.000000	10
龊	0.000000	0.000000	8
裨	0.000000	0.000000	32
荩	0.000000	0.000000	2
沍	0.000000	0.000000	13
蝗	0.000000	0.000000	16
溠	0.000000	0.000000	4
跜	0.000000	0.000000	2
罫	0.000000	0.000000	2
黜	0.000000	0.000000	36
圞	0.000000	0.000000	3
茑	0.000000	0.000000	17
裀	0.000000	0.000000	13
摝	0.000000	0.000000	1
薝	0.000000	0.000000	17
兢	0.000000	0.000000	30
祜	0.000000	0.000000	15
髑	0.000000	0.000000	9
枍	0.000000	0.000000	3
峙	0.000000	0.000000	25
允	0.000000	0.000000	25
黁	0.000000	0.000000	3
涘	0.000000	0.000000	22
霿	0.000000	0.000000	3
靖	0.000000	0.000000	47
罡	0.000000	0.000000	6
锼	0.000000	0.000000	4
塉	0.000000	0.000000	2
倮	0.000000	0.000000	1
柩	0.000000	0.000000	2
椎	0.000000	0.000000	21
跄	0.000000	0.000000	17
砯	0.000000	0.000000	3
惉	0.000000	0.000000	1
葶	0.000000	0.000000	3
柝	0.000000	0.000000	23
蟢	0.000000	0.000000	4
艨	0.000000	0.000000	6
迪	0.000000	0.000000	5
鞋	0.000000	0.000000	49
璆	0.000000	0.000000	6
舵	0.000000	0.000000	2
蓠	0.000000	0.000000	34
砥	0.000000	0.000000	26
蓏	0.000000	0.000000	1
嚏	0.000000	0.000000	2
斅	0.000000	0.000000	13
慽	0.000000	0.000000	1
籧	0.000000	0.000000	1
炯	0.000000	0.000000	25
嵺	0.000000	0.000000	1
滢	0.000000	0.000000	6
噫	0.000000	0.000000	24
喣	0.000000	0.000000	12
毿	0.000000	0.000000	1
姜	0.000000	0.000000	45
佼	0.000000	0.000000	1
鬔	0.000000	0.000000	1
柢	0.000000	0.000000	7
茕	0.000000	0.000000	18
啁	0.000000	0.000000	12
崤	0.000000	0.000000	16
磕	0.000000	0.000000	5
翌	0.000000	0.000000	1
企	0.000000	0.000000	13
窋	0.000000	0.000000	1
袄	0.000000	0.000000	10
跧	0.000000	0.000000	7
浘	0.000000	0.000000	1
昱	0.000000	0.000000	1
筲	0.000000	0.000000	5
萁	0.000000	0.000000	3
唅	0.000000	0.000000	7
忱	0.000000	0.000000	2
甒	0.000000	0.000000	2
砦	0.000000	0.000000	2
塸	0.000000	0.000000	1
鳏	0.000000	0.000000	17
颒	0.000000	0.000000	2
缮	0.000000	0.000000	5
坦	0.000000	0.000000	46
嫠	0.000000	0.000000	14
皱	0.000000	0.000000	23
悢	0.000000	0.000000	4
鞿	0.000000	0.000000	5
硩	0.000000	0.000000	1
蹲	0.000000	0.000000	44
拼	0.000000	0.000000	1
痈	0.000000	0.000000	3
蠚	0.000000	0.000000	1
蔑	0.000000	0.000000	13
鹯	0.000000	0.000000	22
帑	0.000000	0.000000	4
邳	0.000000	0.000000	6
娣	0.000000	0.000000	1
罤	0.000000	0.000000	2
鹎	0.000000	0.000000	2
馹	0.000000	0.000000	5
沮	0.000000	0.000000	39
穀	0.000000	0.000000	5
鼾	0.000000	0.000000	1
阈	0.000000	0.000000	6
铲	0.000000	0.000000	6
鶋	0.000000	0.000000	5
疣	0.000000	0.000000	7
嫔	0.000000	0.000000	42
霆	0.000000	0.000000	49
鬙	0.000000	0.000000	1
酱	0.000000	0.000000	9
柙	0.000000	0.000000	4
琤	0.000000	0.000000	14
酪	0.000000	0.000000	14
屹	0.000000	0.000000	25
箴	0.000000	0.000000	31
甬	0.000000	0.000000	6
骁	0.000000	0.000000	13
萚	0.000000	0.000000	1
恄	0.000000	0.000000	1
摄	0.000000	0.000000	37
蘪	0.000000	0.000000	1
箬	0.000000	0.000000	20
葚	0.000000	0.000000	2
卨	0.000000	0.000000	3
欤	0.000000	0.000000	36
倢	0.000000	0.000000	1
灂	0.000000	0.000000	4
喁	0.000000	0.000000	7
缎	0.000000	0.000000	1
诡	0.000000	0.000000	32
懊	0.000000	0.000000	14
倬	0.000000	0.000000	3
茀	0.000000	0.000000	3
咙	0.000000	0.000000	2
黮	0.000000	0.000000	4
蜩	0.000000	0.000000	24
锷	0.000000	0.000000	13
灇	0.000000	0.000000	1
蚑	0.000000	0.000000	1
叉	0.000000	0.000000	18
麑	0.000000	0.000000	9
眊	0.000000	0.000000	5
霤	0.000000	0.000000	11
祅	0.000000	0.000000	4
窸	0.000000	0.000000	7
轶	0.000000	0.000000	10
踞	0.000000	0.000000	31
芃	0.000000	0.000000	5
劈	0.000000	0.000000	40
媕	0.000000	0.000000	1
阍	0.000000	0.000000	31
枨	0.000000	0.000000	6
僁	0.000000	0.000000	1
爬	0.000000	0.000000	7
媛	0.000000	0.000000	14
騧	0.000000	0.000000	13
鞑	0.000000	0.000000	1
菖	0.000000	0.000000	49
槅	0.000000	0.000000	1
氍	0.000000	0.000000	4
瑜	0.000000	0.000000	27
狮	0.000000	0.000000	15
楩	0.000000	0.000000	3
纻	0.000000	0.000000	49
狻	0.000000	0.000000	4
鈇	0.000000	0.000000	4
溥	0.000000	0.000000	11
杈	0.000000	0.000000	2
灏	0.000000	0.000000	2
酤	0.000000	0.000000	38
呷	0.000000	0.000000	6
洊	0.000000	0.000000	5
虺	0.000000	0.000000	27
薙	0.000000	0.000000	19
埴	0.000000	0.000000	4
鹞	0.000000	0.000000	6
暐	0.000000	0.000000	3
敝	0.000000	0.000000	44
骀	0.000000	0.000000	43
骆	0.000000	0.000000	26
讯	0.000000	0.000000	37
挤	0.000000	0.000000	3
鄜	0.000000	0.000000	9
辂	0.000000	0.000000	40
偎	0.000000	0.000000	40
黕	0.000000	0.000000	2
縯	0.000000	0.000000	1
巃	0.000000	0.000000	4
熛	0.000000	0.000000	2
獒	0.000000	0.000000	6
蓧	0.000000	0.000000	7
僛	0.000000	0.000000	1
曨	0.000000	0.000000	19
蹶	0.000000	0.000000	23
狵	0.000000	0.000000	1
悰	0.000000	0.000000	12
碕	0.000000	0.000000	8
敔	0.000000	0.000000	1
喙	0.000000	0.000000	10
礓	0.000000	0.000000	1
鷕	0.000000	0.000000	2
輀	0.000000	0.000000	4
鹔	0.000000	0.000000	11
谂	0.000000	0.000000	3
漙	0.000000	0.000000	6
輠	0.000000	0.000000	1
厄	0.000000	0.000000	43
蝼	0.000000	0.000000	27
旎	0.000000	0.000000	18
叵	0.000000	0.000000	10
璚	0.000000	0.000000	1
评	0.000000	0.000000	27
蒨	0.000000	0.000000	48
睟	0.000000	0.000000	6
桷	0.000000	0.000000	5
愎	0.000000	0.000000	2
珉	0.000000	0.000000	17
苻	0.000000	0.000000	8
窆	0.000000	0.000000	2
啐	0.000000	0.000000	2
曀	0.000000	0.000000	4
礜	0.000000	0.000000	1
瘖	0.000000	0.000000	1
揶	0.000000	0.000000	15
砰	0.000000	0.000000	3
棽	0.000000	0.000000	2
捎	0.000000	0.000000	25
玢	0.000000	0.000000	4
鄂	0.000000	0.000000	39
艎	0.000000	0.000000	11
町	0.000000	0.000000	6
鯹	0.000000	0.000000	2
嚵	0.000000	0.000000	2
笏	0.000000	0.000000	40
柖	0.000000	0.000000	1
骰	0.000000	0.000000	8
榞	0.000000	0.000000	1
肶	0.000000	0.000000	1
蠙	0.000000	0.000000	2
虿	0.000000	0.000000	18
碇	0.000000	0.000000	3
械	0.000000	0.000000	3
痊	0.000000	0.000000	20
鞮	0.000000	0.000000	18
鋾	0.000000	0.000000	1
悯	0.000000	0.000000	28
曭	0.000000	0.000000	1
疢	0.000000	0.000000	1
俶	0.000000	0.000000	6
峉	0.000000	0.000000	1
隶	0.000000	0.000000	35
鳲	0.000000	0.000000	1
鹁	0.000000	0.000000	2
滉	0.000000	0.000000	16
瘿	0.000000	0.000000	17
汜	0.000000	0.000000	22
嚱	0.000000	0.000000	3
墉	0.000000	0.000000	38
颧	0.000000	0.000000	1
撚	0.000000	0.000000	31
瞎	0.000000	0.000000	1
蘅	0.000000	0.000000	25
弢	0.000000	0.000000	7
楖	0.000000	0.000000	4
鹴	0.000000	0.000000	12
嵡	0.000000	0.000000	1
纰	0.000000	0.000000	5
幺	0.000000	0.000000	6
涅	0.000000	0.000000	5
绺	0.000000	0.000000	2
襞	0.000000	0.000000	21
耎	0.000000	0.000000	1
夐	0.000000	0.000000	19
礌	0.000000	0.000000	1
舶	0.000000	0.000000	15
糊	0.000000	0.000000	18
澨	0.000000	0.000000	5
悭	0.000000	0.000000	10
斌	0.000000	0.000000	1
缤	0.000000	0.000000	18
绤	0.000000	0.000000	11
怳	0.000000	0.000000	24
鳟	0.000000	0.000000	1
黝	0.000000	0.000000	8
侨	0.000000	0.000000	9
溉	0.000000	0.000000	27
絓	0.000000	0.000000	1
苫	0.000000	0.000000	13
晰	0.000000	0.000000	17
眩	0.000000	0.000000	20
脊	0.000000	0.000000	25
膇	0.000000	0.000000	1
擦	0.000000	0.000000	1
诃	0.000000	0.000000	12
虱	0.000000	0.000000	27
梼	0.000000	0.000000	2
烁	0.000000	0.000000	38
龃	0.000000	0.000000	5
麛	0.000000	0.000000	16
楯	0.000000	0.000000	7
嗾	0.000000	0.000000	5
簨	0.000000	0.000000	3
纛	0.000000	0.000000	25
獠	0.000000	0.000000	6
辗	0.000000	0.000000	31
咥	0.000000	0.000000	1
藋	0.000000	0.000000	2
杠	0.000000	0.000000	3
稹	0.000000	0.000000	3
跒	0.000000	0.000000	3
簳	0.000000	0.000000	8
瞤	0.000000	0.000000	1
汹	0.000000	0.000000	26
戡	0.000000	0.000000	11
輷	0.000000	0.000000	1
顗	0.000000	0.000000	3
悼	0.000000	0.000000	20
瘳	0.000000	0.000000	12
匏	0.000000	0.000000	31
豕	0.000000	0.000000	19
殑	0.000000	0.000000	1
噒	0.000000	0.000000	1
龌	0.000000	0.000000	7
隥	0.000000	0.000000	1
鰅	0.000000	0.000000	1
櫐	0.000000	0.000000	1
酺	0.000000	0.000000	25
嵼	0.000000	0.000000	1
谞	0.000000	0.000000	1
岈	0.000000	0.000000	1
憯	0.000000	0.000000	4
韂	0.000000	0.000000	2
督	0.000000	0.000000	14
鶢	0.000000	0.000000	5
窍	0.000000	0.000000	19
揳	0.000000	0.000000	1
罔	0.000000	0.000000	45
壅	0.000000	0.000000	17
躏	0.000000	0.000000	2
逻	0.000000	0.000000	14
趗	0.000000	0.000000	2
蟏	0.000000	0.000000	15
腴	0.000000	0.000000	27
饔	0.000000	0.000000	7
浒	0.000000	0.000000	11
鲵	0.000000	0.000000	32
啮	0.000000	0.000000	35
钑	0.000000	0.000000	2
霶	0.000000	0.000000	1
氅	0.000000	0.000000	43
柤	0.000000	0.000000	1
鉏	0.000000	0.000000	14
沌	0.000000	0.000000	22
弮	0.000000	0.000000	2
骼	0.000000	0.000000	6
剽	0.000000	0.000000	8
磥	0.000000	0.000000	3
綍	0.000000	0.000000	14
莳	0.000000	0.000000	9
妷	0.000000	0.000000	1
騞	0.000000	0.000000	7
椇	0.000000	0.000000	1
瞌	0.000000	0.000000	2
呃	0.000000	0.000000	4
锱	0.000000	0.000000	7
蛀	0.000000	0.000000	1
翙	0.000000	0.000000	3
娈	0.000000	0.000000	19
宕	0.000000	0.000000	6
酂	0.000000	0.000000	19
俳	0.000000	0.000000	1
揣	0.000000	0.000000	11
脽	0.000000	0.000000	1
袋	0.000000	0.000000	7
櫺	0.000000	0.000000	1
诒	0.000000	0.000000	1
懑	0.000000	0.000000	6
鹳	0.000000	0.000000	26
桯	0.000000	0.000000	1
绦	0.000000	0.000000	27
埭	0.000000	0.000000	4
绨	0.000000	0.000000	12
黳	0.000000	0.000000	7
亸	0.000000	0.000000	24
濠	0.000000	0.000000	25
樀	0.000000	0.000000	1
佑	0.000000	0.000000	9
黟	0.000000	0.000000	2
翾	0.000000	0.000000	21
蓍	0.000000	0.000000	19
塠	0.000000	0.000000	4
胯	0.000000	0.000000	8
嚅	0.000000	0.000000	1
歧	0.000000	0.000000	37
呰	0.000000	0.000000	1
銍	0.000000	0.000000	1
楢	0.000000	0.000000	2
盂	0.000000	0.000000	46
炬	0.000000	0.000000	45
驮	0.000000	0.000000	20
唁	0.000000	0.000000	3
倜	0.000000	0.000000	14
踵	0.000000	0.000000	16
輼	0.000000	0.000000	4
愠	0.000000	0.000000	15
菟	0.000000	0.000000	11
硐	0.000000	0.000000	1
燐	0.000000	0.000000	1
聒	0.000000	0.000000	36
瘼	0.000000	0.000000	18
寤	0.000000	0.000000	36
届	0.000000	0.000000	10
虻	0.000000	0.000000	6
鶤	0.000000	0.000000	1
羔	0.000000	0.000000	21
哽	0.000000	0.000000	3
刓	0.000000	0.000000	8
槔	0.000000	0.000000	19
黈	0.000000	0.000000	3
鲐	0.000000	0.000000	2
蜘	0.000000	0.000000	29
醥	0.000000	0.000000	2
瀴	0.000000	0.000000	1
舰	0.000000	0.000000	20
缣	0.000000	0.000000	42
裼	0.000000	0.000000	1
颖	0.000000	0.000000	26
噞	0.000000	0.000000	8
孕	0.000000	0.000000	30
摏	0.000000	0.000000	1
抢	0.000000	0.000000	19
搥	0.000000	0.000000	2
翿	0.000000	0.000000	3
嶾	0.000000	0.000000	1
藖	0.000000	0.000000	1
耰	0.000000	0.000000	1
珩	0.000000	0.000000	5
怵	0.000000	0.000000	8
囐	0.000000	0.000000	1
咚	0.000000	0.000000	3
磑	0.000000	0.000000	4
禜	0.000000	0.000000	2
濮	0.000000	0.000000	9
熠	0.000000	0.000000	23
滚	0.000000	0.000000	4
觌	0.000000	0.000000	41
酷	0.000000	0.000000	46
簠	0.000000	0.000000	7
馑	0.000000	0.000000	2
鏚	0.000000	0.000000	9
鍪	0.000000	0.000000	6
菁	0.000000	0.000000	18
鄢	0.000000	0.000000	12
瑙	0.000000	0.000000	9
楥	0.000000	0.000000	2
餮	0.000000	0.000000	1
詀	0.000000	0.000000	2
纮	0.000000	0.000000	13
雭	0.000000	0.000000	1
恪	0.000000	0.000000	2
莼	0.000000	0.000000	46
卸	0.000000	0.000000	30
芩	0.000000	0.000000	2
例	0.000000	0.000000	35
樟	0.000000	0.000000	17
贿	0.000000	0.000000	3
猳	0.000000	0.000000	1
蠈	0.000000	0.000000	1
砀	0.000000	0.000000	13
铙	0.000000	0.000000	28
慅	0.000000	0.000000	1
佽	0.000000	0.000000	1
哢	0.000000	0.000000	15
諵	0.000000	0.000000	1
弋	0.000000	0.000000	35
晻	0.000000	0.000000	10
茉	0.000000	0.000000	2
幹	0.000000	0.000000	5
赪	0.000000	0.000000	40
逭	0.000000	0.000000	2
靃	0.000000	0.000000	8
薏	0.000000	0.000000	14
硗	0.000000	0.000000	9
娉	0.000000	0.000000	46
罾	0.000000	0.000000	25
瀜	0.000000	0.000000	1
厓	0.000000	0.000000	11
蔌	0.000000	0.000000	3
恙	0.000000	0.000000	11
嵾	0.000000	0.000000	1
桕	0.000000	0.000000	1
泡	0.000000	0.000000	11
霃	0.000000	0.000000	1
舕	0.000000	0.000000	1
隘	0.000000	0.000000	45
輨	0.000000	0.000000	1
焜	0.000000	0.000000	4
羖	0.000000	0.000000	4
驩	0.000000	0.000000	4
綀	0.000000	0.000000	2
饴	0.000000	0.000000	9
唏	0.000000	0.000000	3
悍	0.000000	0.000000	13
拮	0.000000	0.000000	1
帟	0.000000	0.000000	24
驶	0.000000	0.000000	38
奭	0.000000	0.000000	4
秞	0.000000	0.000000	1
祺	0.000000	0.000000	3
镌	0.000000	0.000000	46
郤	0.000000	0.000000	8
瞍	0.000000	0.000000	2
珀	0.000000	0.000000	40
盎	0.000000	0.000000	13
熁	0.000000	0.000000	1
麧	0.000000	0.000000	1
躠	0.000000	0.000000	4
燬	0.000000	0.000000	1
忡	0.000000	0.000000	18
榥	0.000000	0.000000	1
邴	0.000000	0.000000	11
霈	0.000000	0.000000	18
絇	0.000000	0.000000	2
嘱	0.000000	0.000000	26
楸	0.000000	0.000000	38
憧	0.000000	0.000000	18
迮	0.000000	0.000000	3
篙	0.000000	0.000000	34
聂	0.000000	0.000000	2
玺	0.000000	0.000000	23
抏	0.000000	0.000000	1
姆	0.000000	0.000000	1
躡	0.000000	0.000000	1
窘	0.000000	0.000000	20
帱	0.000000	0.000000	7
嫓	0.000000	0.000000	1
闼	0.000000	0.000000	49
殡	0.000000	0.000000	9
簺	0.000000	0.000000	2
么	0.000000	0.000000	33
斁	0.000000	0.000000	6
洳	0.000000	0.000000	8
芮	0.000000	0.000000	7
肮	0.000000	0.000000	6
鳜	0.000000	0.000000	7
娶	0.000000	0.000000	32
閈	0.000000	0.000000	9
沂	0.000000	0.000000	25
翣	0.000000	0.000000	11
粳	0.000000	0.000000	34
怊	0.000000	0.000000	5
棆	0.000000	0.000000	1
毰	0.000000	0.000000	6
彯	0.000000	0.000000	5
浍	0.000000	0.000000	9
冁	0.000000	0.000000	1
霎	0.000000	0.000000	9
仡	0.000000	0.000000	2
跟	0.000000	0.000000	2
灀	0.000000	0.000000	1
讳	0.000000	0.000000	35
垌	0.000000	0.000000	1
腓	0.000000	0.000000	14
咳	0.000000	0.000000	9
块	0.000000	0.000000	49
蹬	0.000000	0.000000	32
璊	0.000000	0.000000	1
魁	0.000000	0.000000	21
搅	0.000000	0.000000	42
赧	0.000000	0.000000	4
堮	0.000000	0.000000	1
刊	0.000000	0.000000	37
唠	0.000000	0.000000	3
髫	0.000000	0.000000	13
疵	0.000000	0.000000	46
逤	0.000000	0.000000	6
狒	0.000000	0.000000	4
疗	0.000000	0.000000	21
挨	0.000000	0.000000	2
舁	0.000000	0.000000	27
幛	0.000000	0.000000	5
枻	0.000000	0.000000	17
歉	0.000000	0.000000	9
俚	0.000000	0.000000	5
龚	0.000000	0.000000	27
皞	0.000000	0.000000	9
伣	0.000000	0.000000	3
砖	0.000000	0.000000	30
捍	0.000000	0.000000	11
瞳	0.000000	0.000000	36
仄	0.000000	0.000000	24
箊	0.000000	0.000000	3
叛	0.000000	0.000000	28
糁	0.000000	0.000000	10
溱	0.000000	0.000000	8
愬	0.000000	0.000000	8
賨	0.000000	0.000000	4
钖	0.000000	0.000000	1
藁	0.000000	0.000000	18
巏	0.000000	0.000000	1
哗	0.000000	0.000000	21
篘	0.000000	0.000000	8
柈	0.000000	0.000000	2
甪	0.000000	0.000000	7
罽	0.000000	0.000000	15
孑	0.000000	0.000000	15
坰	0.000000	0.000000	31
伞	0.000000	0.000000	10
讙	0.000000	0.000000	8
怖	0.000000	0.000000	10
哇	0.000000	0.000000	5
诅	0.000000	0.000000	3
聘	0.000000	0.000000	38
锽	0.000000	0.000000	5
狞	0.000000	0.000000	42
劭	0.000000	0.000000	1
髹	0.000000	0.000000	3
猥	0.000000	0.000000	7
猖	0.000000	0.000000	24
笯	0.000000	0.000000	1
镟	0.000000	0.000000	3
鸑	0.000000	0.000000	19
冽	0.000000	0.000000	24
罳	0.000000	0.000000	16
舲	0.000000	0.000000	15
蠕	0.000000	0.000000	3
矿	0.000000	0.000000	4
痡	0.000000	0.000000	1
诘	0.000000	0.000000	37
莸	0.000000	0.000000	5
燂	0.000000	0.000000	2
仅	0.000000	0.000000	18
苽	0.000000	0.000000	2
胖	0.000000	0.000000	2
晌	0.000000	0.000000	5
幞	0.000000	0.000000	4
荤	0.000000	0.000000	23
脤	0.000000	0.000000	8
蠛	0.000000	0.000000	3
渑	0.000000	0.000000	7
觊	0.000000	0.000000	10
帚	0.000000	0.000000	26
箝	0.000000	0.000000	3
庠	0.000000	0.000000	10
鋄	0.000000	0.000000	1
蠖	0.000000	0.000000	12
侏	0.000000	0.000000	10
祢	0.000000	0.000000	40
瀯	0.000000	0.000000	1
鹒	0.000000	0.000000	3
虈	0.000000	0.000000	1
亨	0.000000	0.000000	34
爷	0.000000	0.000000	10
銙	0.000000	0.000000	1
椅	0.000000	0.000000	6
捞	0.000000	0.000000	6
潋	0.000000	0.000000	41
璐	0.000000	0.000000	1
洸	0.000000	0.000000	4
钊	0.000000	0.000000	1
纣	0.000000	0.000000	10
嗒	0.000000	0.000000	1
蔚	0.000000	0.000000	34
駖	0.000000	0.000000	2
揉	0.000000	0.000000	15
緌	0.000000	0.000000	17
壀	0.000000	0.000000	1
沩	0.000000	0.000000	4
憸	0.000000	0.000000	2
麳	0.000000	0.000000	1
湜	0.000000	0.000000	6
邽	0.000000	0.000000	5
縩	0.000000	0.000000	1
雩	0.000000	0.000000	11
氃	0.000000	0.000000	1
斒	0.000000	0.000000	5
禺	0.000000	0.000000	14
偿	0.000000	0.000000	12
镔	0.000000	0.000000	1
嵝	0.000000	0.000000	4
飗	0.000000	0.000000	36
箑	0.000000	0.000000	4
瘤	0.000000	0.000000	5
圜	0.000000	0.000000	22
甑	0.000000	0.000000	34
鮹	0.000000	0.000000	2
觐	0.000000	0.000000	29
氾	0.000000	0.000000	1
綛	0.000000	0.000000	1
搬	0.000000	0.000000	4
貅	0.000000	0.000000	13
统	0.000000	0.000000	38
滇	0.000000	0.000000	6
淝	0.000000	0.000000	6
狌	0.000000	0.000000	1
徯	0.000000	0.000000	9
摎	0.000000	0.000000	1
麓	0.000000	0.000000	33
蝛	0.000000	0.000000	1
杓	0.000000	0.000000	30
蛱	0.000000	0.000000	38
垲	0.000000	0.000000	2
睚	0.000000	0.000000	4
逵	0.000000	0.000000	26
螃	0.000000	0.000000	1
嶷	0.000000	0.000000	17
缞	0.000000	0.000000	1
撑	0.000000	0.000000	45
惋	0.000000	0.000000	9
囷	0.000000	0.000000	28
艘	0.000000	0.000000	26
柰	0.000000	0.000000	13
匄	0.000000	0.000000	4
醐	0.000000	0.000000	28
溧	0.000000	0.000000	6
筥	0.000000	0.000000	1
爨	0.000000	0.000000	45
汨	0.000000	0.000000	34
粝	0.000000	0.000000	13
灉	0.000000	0.000000	9
洑	0.000000	0.000000	10
搢	0.000000	0.000000	14
趢	0.000000	0.000000	2
踥	0.000000	0.000000	1
趯	0.000000	0.000000	3
睛	0.000000	0.000000	23
胀	0.000000	0.000000	1
唽	0.000000	0.000000	1
婀	0.000000	0.000000	19
闵	0.000000	0.000000	13
幨	0.000000	0.000000	8
跱	0.000000	0.000000	2
谦	0.000000	0.000000	34
岏	0.000000	0.000000	7
纕	0.000000	0.000000	1
耇	0.000000	0.000000	1
眢	0.000000	0.000000	3
碪	0.000000	0.000000	2
庪	0.000000	0.000000	1
厢	0.000000	0.000000	18
婪	0.000000	0.000000	2
芷	0.000000	0.000000	49
谲	0.000000	0.000000	6
暨	0.000000	0.000000	8
孜	0.000000	0.000000	16
挺	0.000000	0.000000	46
鹆	0.000000	0.000000	15
洱	0.000000	0.000000	1
芫	0.000000	0.000000	1
甜	0.000000	0.000000	21
茹	0.000000	0.000000	29
姥	0.000000	0.000000	29
镉	0.000000	0.000000	1
柣	0.000000	0.000000	1
睗	0.000000	0.000000	2
刎	0.000000	0.000000	6
甔	0.000000	0.000000	3
脯	0.000000	0.000000	11
娲	0.000000	0.000000	19
栌	0.000000	0.000000	5
匕	0.000000	0.000000	30
钉	0.000000	0.000000	20
摹	0.000000	0.000000	5
鲭	0.000000	0.000000	5
眽	0.000000	0.000000	2
砉	0.000000	0.000000	10
螮	0.000000	0.000000	16
渝	0.000000	0.000000	41
燑	0.000000	0.000000	2
酹	0.000000	0.000000	23
虐	0.000000	0.000000	18
脾	0.000000	0.000000	11
艑	0.000000	0.000000	9
淄	0.000000	0.000000	16
澧	0.000000	0.000000	16
赀	0.000000	0.000000	15
膂	0.000000	0.000000	7
僬	0.000000	0.000000	1
盬	0.000000	0.000000	2
颢	0.000000	0.000000	26
鷾	0.000000	0.000000	1
桀	0.000000	0.000000	11
笲	0.000000	0.000000	1
勖	0.000000	0.000000	20
辏	0.000000	0.000000	1
壖	0.000000	0.000000	30
婗	0.000000	0.000000	2
畋	0.000000	0.000000	25
谡	0.000000	0.000000	1
殖	0.000000	0.000000	6
矖	0.000000	0.000000	1
栩	0.000000	0.000000	4
琭	0.000000	0.000000	1
鏖	0.000000	0.000000	3
榄	0.000000	0.000000	1
磾	0.000000	0.000000	1
渤	0.000000	0.000000	47
摵	0.000000	0.000000	14
吰	0.000000	0.000000	1
迂	0.000000	0.000000	38
肱	0.000000	0.000000	44
卦	0.000000	0.000000	35
圻	0.000000	0.000000	22
莆	0.000000	0.000000	1
橛	0.000000	0.000000	9
翀	0.000000	0.000000	1
斥	0.000000	0.000000	35
痗	0.000000	0.000000	3
陑	0.000000	0.000000	1
袎	0.000000	0.000000	1
堄	0.000000	0.000000	1
裈	0.000000	0.000000	5
埏	0.000000	0.000000	15
瀵	0.000000	0.000000	2
絸	0.000000	0.000000	1
瞒	0.000000	0.000000	7
褓	0.000000	0.000000	5
愍	0.000000	0.000000	13
飶	0.000000	0.000000	4
矹	0.000000	0.000000	3
迍	0.000000	0.000000	26
墩	0.000000	0.000000	7
铪	0.000000	0.000000	2
劂	0.000000	0.000000	1
粢	0.000000	0.000000	24
郴	0.000000	0.000000	10
轓	0.000000	0.000000	13
蜴	0.000000	0.000000	6
娵	0.000000	0.000000	1
宓	0.000000	0.000000	22
樛	0.000000	0.000000	13
蛦	0.000000	0.000000	2
讦	0.000000	0.000000	5
晬	0.000000	0.000000	3
熇	0.000000	0.000000	2
恺	0.000000	0.000000	12
胃	0.000000	0.000000	5
纺	0.000000	0.000000	7
弧	0.000000	0.000000	46
咎	0.000000	0.000000	17
魉	0.000000	0.000000	22
坯	0.000000	0.000000	4
蒱	0.000000	0.000000	6
侁	0.000000	0.000000	2
瞋	0.000000	0.000000	9
谮	0.000000	0.000000	4
霣	0.000000	0.000000	1
樕	0.000000	0.000000	6
鲠	0.000000	0.000000	10
褾	0.000000	0.000000	1
朏	0.000000	0.000000	2
忭	0.000000	0.000000	3
姻	0.000000	0.000000	48
骜	0.000000	0.000000	4
茏	0.000000	0.000000	44
笃	0.000000	0.000000	5
鄽	0.000000	0.000000	9
锢	0.000000	0.000000	8
駪	0.000000	0.000000	1
秫	0.000000	0.000000	5
缏	0.000000	0.000000	2
笾	0.000000	0.000000	29
拿	0.000000	0.000000	2
苶	0.000000	0.000000	7
杙	0.000000	0.000000	1
诱	0.000000	0.000000	47
眙	0.000000	0.000000	3
榰	0.000000	0.000000	2
镊	0.000000	0.000000	39
俜	0.000000	0.000000	11
堇	0.000000	0.000000	5
炁	0.000000	0.000000	2
駉	0.000000	0.000000	2
艄	0.000000	0.000000	1
丱	0.000000	0.000000	15
旟	0.000000	0.000000	32
亢	0.000000	0.000000	11
衄	0.000000	0.000000	1
鶗	0.000000	0.000000	25
燥	0.000000	0.000000	28
駏	0.000000	0.000000	1
珽	0.000000	0.000000	2
哥	0.000000	0.000000	12
莴	0.000000	0.000000	1
靶	0.000000	0.000000	4
綷	0.000000	0.000000	2
桅	0.000000	0.000000	1
赇	0.000000	0.000000	1
闤	0.000000	0.000000	7
舋	0.000000	0.000000	1
矰	0.000000	0.000000	19
洟	0.000000	0.000000	7
昙	0.000000	0.000000	20
珏	0.000000	0.000000	1
髦	0.000000	0.000000	33
慧	0.000000	0.000000	44
琚	0.000000	0.000000	14
礿	0.000000	0.000000	2
蕡	0.000000	0.000000	1
剁	0.000000	0.000000	1
庑	0.000000	0.000000	15
痾	0.000000	0.000000	20
剌	0.000000	0.000000	28
勣	0.000000	0.000000	2
慝	0.000000	0.000000	10
瑗	0.000000	0.000000	6
萄	0.000000	0.000000	43
鹙	0.000000	0.000000	5
潈	0.000000	0.000000	12
逑	0.000000	0.000000	2
绠	0.000000	0.000000	38
颀	0.000000	0.000000	3
囤	0.000000	0.000000	2
咛	0.000000	0.000000	7
哂	0.000000	0.000000	40
鈋	0.000000	0.000000	2
镗	0.000000	0.000000	2
螊	0.000000	0.000000	2
饘	0.000000	0.000000	4
簌	0.000000	0.000000	6
缙	0.000000	0.000000	30
硬	0.000000	0.000000	16
祎	0.000000	0.000000	1
愆	0.000000	0.000000	45
鷖	0.000000	0.000000	1
岿	0.000000	0.000000	5
窾	0.000000	0.000000	2
眯	0.000000	0.000000	3
蜾	0.000000	0.000000	1
惸	0.000000	0.000000	11
鬖	0.000000	0.000000	1
蜍	0.000000	0.000000	49
憺	0.000000	0.000000	1
螉	0.000000	0.000000	2
丫	0.000000	0.000000	3
愉	0.000000	0.000000	22
麴	0.000000	0.000000	4
飓	0.000000	0.000000	11
鹚	0.000000	0.000000	38
帨	0.000000	0.000000	2
蹻	0.000000	0.000000	3
陕	0.000000	0.000000	41
励	0.000000	0.000000	24
昈	0.000000	0.000000	1
镃	0.000000	0.000000	3
湟	0.000000	0.000000	34
牌	0.000000	0.000000	16
捩	0.000000	0.000000	13
诰	0.000000	0.000000	41
嵂	0.000000	0.000000	1
凘	0.000000	0.000000	2
审	0.000000	0.000000	23
璜	0.000000	0.000000	27
碻	0.000000	0.000000	1
搊	0.000000	0.000000	2
锥	0.000000	0.000000	44
澎	0.000000	0.000000	2
絷	0.000000	0.000000	25
盍	0.000000	0.000000	6
馘	0.000000	0.000000	6
喘	0.000000	0.000000	34
兖	0.000000	0.000000	5
佥	0.000000	0.000000	2
飋	0.000000	0.000000	4
耦	0.000000	0.000000	17
瘕	0.000000	0.000000	1
狈	0.000000	0.000000	10
炀	0.000000	0.000000	39
跕	0.000000	0.000000	8
恁	0.000000	0.000000	5
舥	0.000000	0.000000	1
旸	0.000000	0.000000	11
鵮	0.000000	0.000000	4
適	0.000000	0.000000	2
咬	0.000000	0.000000	25
靦	0.000000	0.000000	6
淙	0.000000	0.000000	25
罙	0.000000	0.000000	1
撞	0.000000	0.000000	29
轰	0.000000	0.000000	24
咩	0.000000	0.000000	2
嚾	0.000000	0.000000	1
蕾	0.000000	0.000000	1
矑	0.000000	0.000000	1
雇	0.000000	0.000000	8
昉	0.000000	0.000000	8
臻	0.000000	0.000000	36
嬿	0.000000	0.000000	1
肾	0.000000	0.000000	2
舻	0.000000	0.000000	29
酢	0.000000	0.000000	2
饩	0.000000	0.000000	2
餭	0.000000	0.000000	1
笴	0.000000	0.000000	2
摴	0.000000	0.000000	6
稙	0.000000	0.000000	1
圄	0.000000	0.000000	15
骦	0.000000	0.000000	10
疚	0.000000	0.000000	3
玛	0.000000	0.000000	9
邵	0.000000	0.000000	40
勩	0.000000	0.000000	3
辑	0.000000	0.000000	9
雺	0.000000	0.000000	1
嶔	0.000000	0.000000	30
饎	0.000000	0.000000	2
曩	0.000000	0.000000	41
怩	0.000000	0.000000	2
妪	0.000000	0.000000	14
肇	0.000000	0.000000	31
鄏	0.000000	0.000000	3
倰	0.000000	0.000000	1
嫡	0.000000	0.000000	3
俛	0.000000	0.000000	1
掿	0.000000	0.000000	1
篌	0.000000	0.000000	34
跼	0.000000	0.000000	46
啘	0.000000	0.000000	1
蒢	0.000000	0.000000	1
篾	0.000000	0.000000	8
剿	0.000000	0.000000	7
枒	0.000000	0.000000	1
劬	0.000000	0.000000	11
栎	0.000000	0.000000	15
椰	0.000000	0.000000	13
薍	0.000000	0.000000	1
侦	0.000000	0.000000	2
蔷	0.000000	0.000000	42
柧	0.000000	0.000000	1
呶	0.000000	0.000000	9
怠	0.000000	0.000000	11
悒	0.000000	0.000000	11
踆	0.000000	0.000000	1
蟟	0.000000	0.000000	1
棼	0.000000	0.000000	13
蜿	0.000000	0.000000	13
咋	0.000000	0.000000	5
靷	0.000000	0.000000	1
椵	0.000000	0.000000	1
殢	0.000000	0.000000	16
埘	0.000000	0.000000	2
谧	0.000000	0.000000	28
餘	0.000000	0.000000	1
聿	0.000000	0.000000	31
玠	0.000000	0.000000	11
徉	0.000000	0.000000	8
淆	0.000000	0.000000	2
钜	0.000000	0.000000	8
葡	0.000000	0.000000	14
涡	0.000000	0.000000	27
焙	0.000000	0.000000	22
侈	0.000000	0.000000	23
恳	0.000000	0.000000	30
碟	0.000000	0.000000	2
罦	0.000000	0.000000	1
舴	0.000000	0.000000	23
邂	0.000000	0.000000	30
稂	0.000000	0.000000	7
伟	0.000000	0.000000	18
鼮	0.000000	0.000000	1
缔	0.000000	0.000000	12
杝	0.000000	0.000000	1
鄹	0.000000	0.000000	1
斝	0.000000	0.000000	31
尨	0.000000	0.000000	1
蟉	0.000000	0.000000	1
腪	0.000000	0.000000	1
睩	0.000000	0.000000	2
汪	0.000000	0.000000	16
溃	0.000000	0.000000	17
蛁	0.000000	0.000000	1
巇	0.000000	0.000000	21
菅	0.000000	0.000000	9
恢	0.000000	0.000000	32
沣	0.000000	0.000000	18
睇	0.000000	0.000000	34
蚓	0.000000	0.000000	9
抄	0.000000	0.000000	38
耜	0.000000	0.000000	11
雳	0.000000	0.000000	49
肄	0.000000	0.000000	1
瀣	0.000000	0.000000	22
氉	0.000000	0.000000	1
崛	0.000000	0.000000	8
塑	0.000000	0.000000	2
涭	0.000000	0.000000	1
釦	0.000000	0.000000	1
琲	0.000000	0.000000	1
蜻	0.000000	0.000000	29
傺	0.000000	0.000000	1
蘘	0.000000	0.000000	1
砑	0.000000	0.000000	10
睐	0.000000	0.000000	7
匙	0.000000	0.000000	18
檞	0.000000	0.000000	1
獯	0.000000	0.000000	5
浐	0.000000	0.000000	48
邱	0.000000	0.000000	1
诟	0.000000	0.000000	10
簉	0.000000	0.000000	2
笮	0.000000	0.000000	3
讣	0.000000	0.000000	2
鹘	0.000000	0.000000	48
魮	0.000000	0.000000	1
鳍	0.000000	0.000000	4
绰	0.000000	0.000000	25
嶰	0.000000	0.000000	4
嗛	0.000000	0.000000	1
齶	0.000000	0.000000	2
臭	0.000000	0.000000	32
镞	0.000000	0.000000	48
殚	0.000000	0.000000	33
湮	0.000000	0.000000	22
裟	0.000000	0.000000	46
黦	0.000000	0.000000	4
婷	0.000000	0.000000	41
牝	0.000000	0.000000	11
麸	0.000000	0.000000	2
霂	0.000000	0.000000	8
醯	0.000000	0.000000	16
脔	0.000000	0.000000	5
郜	0.000000	0.000000	2
跁	0.000000	0.000000	3
汶	0.000000	0.000000	31
鴒	0.000000	0.000000	38
岣	0.000000	0.000000	4
核	0.000000	0.000000	14
攂	0.000000	0.000000	2
淤	0.000000	0.000000	12
蚋	0.000000	0.000000	19
柮	0.000000	0.000000	4
查	0.000000	0.000000	46
诤	0.000000	0.000000	23
偬	0.000000	0.000000	2
虩	0.000000	0.000000	1
呻	0.000000	0.000000	15
胫	0.000000	0.000000	17
窞	0.000000	0.000000	1
盟	0.000000	0.000000	43
駸	0.000000	0.000000	34
鹇	0.000000	0.000000	8
齑	0.000000	0.000000	13
觯	0.000000	0.000000	1
俞	0.000000	0.000000	6
滓	0.000000	0.000000	49
槃	0.000000	0.000000	23
颣	0.000000	0.000000	9
挼	0.000000	0.000000	15
淖	0.000000	0.000000	1
偲	0.000000	0.000000	1
悸	0.000000	0.000000	5
趿	0.000000	0.000000	1
穟	0.000000	0.000000	10
鬲	0.000000	0.000000	5
洺	0.000000	0.000000	2
阕	0.000000	0.000000	38
蜺	0.000000	0.000000	30
详	0.000000	0.000000	16
纾	0.000000	0.000000	4
酩	0.000000	0.000000	49
瘠	0.000000	0.000000	11
铤	0.000000	0.000000	2
暵	0.000000	0.000000	1
柹	0.000000	0.000000	2
挛	0.000000	0.000000	10
准	0.000000	0.000000	40
搏	0.000000	0.000000	40
醄	0.000000	0.000000	2
抡	0.000000	0.000000	8
崚	0.000000	0.000000	10
麂	0.000000	0.000000	1
矍	0.000000	0.000000	13
恇	0.000000	0.000000	1
薨	0.000000	0.000000	9
雹	0.000000	0.000000	19
嵌	0.000000	0.000000	39
馋	0.000000	0.000000	14
臑	0.000000	0.000000	3
喝	0.000000	0.000000	19
蚯	0.000000	0.000000	8
恹	0.000000	0.000000	2
聆	0.000000	0.000000	37
阀	0.000000	0.000000	4
猪	0.000000	0.000000	17
莛	0.000000	0.000000	2
囹	0.000000	0.000000	14
崱	0.000000	0.000000	3
锈	0.000000	0.000000	1
鹈	0.000000	0.000000	24
犁	0.000000	0.000000	47
燮	0.000000	0.000000	14
剔	0.000000	0.000000	10
倖	0.000000	0.000000	2
拇	0.000000	0.000000	1
诠	0.000000	0.000000	15
衿	0.000000	0.000000	40
胄	0.000000	0.000000	41
苴	0.000000	0.000000	9
蹒	0.000000	0.000000	1
覃	0.000000	0.000000	32
猴	0.000000	0.000000	41
鴂	0.000000	0.000000	27
级	0.000000	0.000000	39
噆	0.000000	0.000000	4
这	0.000000	0.000000	25
毅	0.000000	0.000000	19
徨	0.000000	0.000000	18
穾	0.000000	0.000000	2
喓	0.000000	0.000000	2
倭	0.000000	0.000000	5
箄	0.000000	0.000000	1
耍	0.000000	0.000000	2
篯	0.000000	0.000000	1
璇	0.000000	0.000000	37
丙	0.000000	0.000000	14
忾	0.000000	0.000000	2
屼	0.000000	0.000000	2
沱	0.000000	0.000000	42
謇	0.000000	0.000000	13
镵	0.000000	0.000000	2
厘	0.000000	0.000000	21
鸽	0.000000	0.000000	39
玞	0.000000	0.000000	1
芚	0.000000	0.000000	1
绉	0.000000	0.000000	1
箪	0.000000	0.000000	18
漘	0.000000	0.000000	5
坨	0.000000	0.000000	1
鞠	0.000000	0.000000	12
屩	0.000000	0.000000	5
蠮	0.000000	0.000000	1
籺	0.000000	0.000000	2
耴	0.000000	0.000000	1
嘻	0.000000	0.000000	7
飐	0.000000	0.000000	41
瑛	0.000000	0.000000	3
輴	0.000000	0.000000	2
铦	0.000000	0.000000	13
睍	0.000000	0.000000	2
殣	0.000000	0.000000	1
芿	0.000000	0.000000	1
酥	0.000000	0.000000	28
桢	0.000000	0.000000	31
蛆	0.000000	0.000000	4
菢	0.000000	0.000000	1
弼	0.000000	0.000000	17
龂	0.000000	0.000000	3
窑	0.000000	0.000000	5
悫	0.000000	0.000000	2
鸨	0.000000	0.000000	3
佉	0.000000	0.000000	1
邘	0.000000	0.000000	1
纫	0.000000	0.000000	17
醑	0.000000	0.000000	40
喔	0.000000	0.000000	19
奁	0.000000	0.000000	33
俙	0.000000	0.000000	2
鎗	0.000000	0.000000	1
潆	0.000000	0.000000	2
铎	0.000000	0.000000	39
郓	0.000000	0.000000	1
妫	0.000000	0.000000	4
皰	0.000000	0.000000	1
蠀	0.000000	0.000000	1
璎	0.000000	0.000000	4
鼗	0.000000	0.000000	4
郝	0.000000	0.000000	3
欂	0.000000	0.000000	1
砻	0.000000	0.000000	13
鹪	0.000000	0.000000	23
缦	0.000000	0.000000	15
緹	0.000000	0.000000	1
蔵	0.000000	0.000000	1
黐	0.000000	0.000000	3
踊	0.000000	0.000000	27
棉	0.000000	0.000000	4
厕	0.000000	0.000000	24
饽	0.000000	0.000000	2
鶹	0.000000	0.000000	1
臬	0.000000	0.000000	4
瑀	0.000000	0.000000	10
檠	0.000000	0.000000	10
鹬	0.000000	0.000000	3
畹	0.000000	0.000000	19
窭	0.000000	0.000000	3
桦	0.000000	0.000000	7
鼹	0.000000	0.000000	4
綟	0.000000	0.000000	1
鬅	0.000000	0.000000	2
佗	0.000000	0.000000	17
渗	0.000000	0.000000	6
羿	0.000000	0.000000	15
鳸	0.000000	0.000000	2
甄	0.000000	0.000000	33
吭	0.000000	0.000000	4
虙	0.000000	0.000000	1
咄	0.000000	0.000000	34
徭	0.000000	0.000000	23
鲂	0.000000	0.000000	21
釐	0.000000	0.000000	22
苋	0.000000	0.000000	6
訢	0.000000	0.000000	1
錏	0.000000	0.000000	1
穞	0.000000	0.000000	1
艟	0.000000	0.000000	4
嘴	0.000000	0.000000	10
絣	0.000000	0.000000	3
囗	0.000000	0.000000	1
椑	0.000000	0.000000	4
芾	0.000000	0.000000	3
攘	0.000000	0.000000	23
屺	0.000000	0.000000	3
庀	0.000000	0.000000	3
胪	0.000000	0.000000	5
畚	0.000000	0.000000	12
闳	0.000000	0.000000	3
嫚	0.000000	0.000000	1
殽	0.000000	0.000000	7
踠	0.000000	0.000000	10
办	0.000000	0.000000	21
伛	0.000000	0.000000	11
偪	0.000000	0.000000	2
譸	0.000000	0.000000	1
遏	0.000000	0.000000	44
汰	0.000000	0.000000	15
亹	0.000000	0.000000	13
赂	0.000000	0.000000	7
哺	0.000000	0.000000	37
茭	0.000000	0.000000	13
扳	0.000000	0.000000	10
羑	0.000000	0.000000	1
蜊	0.000000	0.000000	2
雎	0.000000	0.000000	5
珈	0.000000	0.000000	1
髵	0.000000	0.000000	2
玃	0.000000	0.000000	4
蕞	0.000000	0.000000	1
祧	0.000000	0.000000	5
嵋	0.000000	0.000000	39
璟	0.000000	0.000000	2
樔	0.000000	0.000000	1
姣	0.000000	0.000000	1
谚	0.000000	0.000000	1
肓	0.000000	0.000000	9
躐	0.000000	0.000000	1
舷	0.000000	0.000000	36
犍	0.000000	0.000000	7
坌	0.000000	0.000000	2
媠	0.000000	0.000000	1
苾	0.000000	0.000000	5
瞀	0.000000	0.000000	1
啧	0.000000	0.000000	14
为	-0.000201	-0.004696	8499
知	-0.000204	-0.004696	8228
嵯	-0.000408	-0.004709	74
骤	-0.000434	-0.004711	98
汀	-0.000664	-0.004725	335
坂	-0.001061	-0.004749	95
啾	-0.001123	-0.004753	64
庭	-0.001364	-0.004768	2396
河	-0.001642	-0.004785	2616
袜	-0.002600	-0.004843	71
夙	-0.002645	-0.004846	128
鲤	-0.002713	-0.004850	121
房	-0.002736	-0.004852	796
闹	-0.002916	-0.004863	69
箧	-0.003348	-0.004889	158
杪	-0.003378	-0.004891	99
下	-0.003757	-0.004914	6963
琢	-0.004069	-0.004934	79
踌	-0.004146	-0.004938	58
量	-0.004366	-0.004952	293
将	-0.004474	-0.004958	4732
艇	-0.004487	-0.004959	132
效	-0.004553	-0.004963	163
川	-0.004682	-0.004971	1807
潦	-0.004744	-0.004975	69
薤	-0.004820	-0.004980	65
鲙	-0.005079	-0.004996	63
槿	-0.005756	-0.005037	120
岭	-0.005829	-0.005042	937
把	-0.006064	-0.005056	814
洒	-0.006484	-0.005082	580
逾	-0.006627	-0.005091	255
猜	-0.006822	-0.005103	131
共	-0.006973	-0.005112	2491
音	-0.007153	-0.005123	1216
徵	-0.007402	-0.005138	75
如	-0.007530	-0.005146	7830
羞	-0.007547	-0.005147	519
叩	-0.007560	-0.005148	79
蛾	-0.008095	-0.005181	402
枉	-0.008105	-0.005181	245
嗔	-0.008184	-0.005186	66
壤	-0.008358	-0.005197	118
草	-0.008402	-0.005199	5173
稠	-0.008682	-0.005217	108
鹃	-0.008829	-0.005226	84
钩	-0.008993	-0.005236	419
城	-0.009159	-0.005246	5158
停	-0.009223	-0.005250	531
尸	-0.009259	-0.005252	84
渴	-0.009296	-0.005254	183
休	-0.009998	-0.005297	1559
遮	-0.010221	-0.005311	295
风	-0.010254	-0.005313	15071
滞	-0.010299	-0.005316	369
匡	-0.010443	-0.005325	161
割	-0.011052	-0.005362	120
山	-0.011507	-0.005390	14898
寄	-0.011550	-0.005393	1770
系	-0.011639	-0.005398	509
烧	-0.011918	-0.005415	686
反	-0.012004	-0.005421	279
甚	-0.012325	-0.005440	393
一	-0.012364	-0.005443	13796
庸	-0.012589	-0.005456	98
沅	-0.012695	-0.005463	51
外	-0.012799	-0.005469	3146
榻	-0.012937	-0.005478	186
劳	-0.012957	-0.005479	1235
洞	-0.014009	-0.005544	1515
伴	-0.014220	-0.005557	983
貂	-0.014356	-0.005565	168
翅	-0.014665	-0.005584	262
夫	-0.014847	-0.005595	1442
邻	-0.015115	-0.005611	1052
扁	-0.015673	-0.005646	242
屏	-0.015870	-0.005658	596
跳	-0.016032	-0.005668	114
过	-0.016448	-0.005693	3375
永	-0.016602	-0.005703	937
惮	-0.016628	-0.005704	72
霹	-0.016792	-0.005714	51
霖	-0.017130	-0.005735	151
箫	-0.017208	-0.005740	407
劲	-0.017236	-0.005742	127
晶	-0.017383	-0.005751	101
兄	-0.017719	-0.005771	455
柚	-0.017877	-0.005781	50
萏	-0.017979	-0.005787	83
菡	-0.017979	-0.005787	83
徼	-0.018212	-0.005801	94
定	-0.018645	-0.005828	1278
垒	-0.018783	-0.005837	218
幅	-0.018808	-0.005838	67
讨	-0.018820	-0.005839	95
疾	-0.018867	-0.005842	542
岂	-0.019210	-0.005863	2410
绢	-0.019617	-0.005888	50
柯	-0.019655	-0.005890	173
徙	-0.019696	-0.005893	54
舌	-0.020079	-0.005916	167
狱	-0.020466	-0.005940	88
稍	-0.020517	-0.005943	331
敲	-0.020826	-0.005962	192
凶	-0.020870	-0.005965	119
奋	-0.021107	-0.005979	92
亭	-0.021195	-0.005985	1393
馔	-0.021458	-0.006001	53
频	-0.021831	-0.006024	1038
渔	-0.022187	-0.006045	887
嚬	-0.022325	-0.006054	87
但	-0.022508	-0.006065	1080
移	-0.022520	-0.006066	1501
姚	-0.022750	-0.006080	93
陂	-0.022962	-0.006093	193
忽	-0.023017	-0.006096	1934
拨	-0.023572	-0.006130	153
砚	-0.023678	-0.006137	143
嚣	-0.023997	-0.006157	93
衔	-0.024047	-0.006160	676
浊	-0.024106	-0.006163	259
鲛	-0.024265	-0.006173	67
廉	-0.024419	-0.006182	83
沟	-0.024522	-0.006189	295
靡	-0.026313	-0.006299	119
寇	-0.026358	-0.006301	171
门	-0.026378	-0.006303	6258
腥	-0.026380	-0.006303	186
沫	-0.026451	-0.006307	73
院	-0.026535	-0.006312	577
流	-0.026586	-0.006315	5094
灰	-0.027148	-0.006350	387
露	-0.027317	-0.006360	2862
树	-0.027333	-0.006361	5056
藜	-0.027534	-0.006374	153
扃	-0.027686	-0.006383	159
追	-0.028148	-0.006411	526
溪	-0.028413	-0.006428	2282
污	-0.028570	-0.006437	150
灶	-0.028620	-0.006440	148
织	-0.029651	-0.006503	375
雠	-0.029679	-0.006505	87
教	-0.029781	-0.006511	1183
饭	-0.029841	-0.006515	298
辽	-0.030372	-0.006548	251
坐	-0.030563	-0.006560	2656
尘	-0.030697	-0.006568	3864
晦	-0.030733	-0.006570	194
刃	-0.031150	-0.006596	155
驺	-0.031269	-0.006603	77
龛	-0.031313	-0.006606	83
减	-0.031546	-0.006620	300
涟	-0.031567	-0.006621	89
至	-0.031771	-0.006634	1936
莫	-0.031858	-0.006639	3564
擒	-0.032105	-0.006654	61
泉	-0.032239	-0.006662	2568
脆	-0.032647	-0.006687	62
朽	-0.033083	-0.006714	188
侬	-0.033508	-0.006740	68
那	-0.034212	-0.006783	878
霰	-0.034363	-0.006793	145
辍	-0.034443	-0.006798	100
歇	-0.034656	-0.006811	525
片	-0.034993	-0.006831	987
我	-0.035364	-0.006854	4694
后	-0.035942	-0.006890	3440
凭	-0.035978	-0.006892	755
琉	-0.036664	-0.006934	83
冉	-0.036924	-0.006950	94
琅	-0.036947	-0.006951	125
弃	-0.037388	-0.006978	537
缝	-0.037422	-0.006980	137
衣	-0.038988	-0.007077	3980
防	-0.038994	-0.007077	306
沦	-0.039344	-0.007098	227
填	-0.039364	-0.007100	117
豺	-0.039496	-0.007108	90
水	-0.039686	-0.007119	10484
沃	-0.040447	-0.007166	118
滔	-0.040762	-0.007185	56
岑	-0.040823	-0.007189	283
髻	-0.041478	-0.007229	163
涓	-0.041635	-0.007239	68
莹	-0.041734	-0.007245	81
松	-0.042065	-0.007265	3215
铄	-0.042766	-0.007308	69
甃	-0.042781	-0.007309	74
朋	-0.042900	-0.007317	209
赴	-0.043742	-0.007368	226
沧	-0.043901	-0.007378	975
还	-0.044144	-0.007393	4770
豹	-0.044369	-0.007407	132
粟	-0.044583	-0.007420	179
雀	-0.044830	-0.007435	472
端	-0.044914	-0.007440	793
舫	-0.045012	-0.007446	76
耆	-0.045428	-0.007472	60
暄	-0.045633	-0.007484	123
漫	-0.045904	-0.007501	534
宽	-0.046445	-0.007534	308
芰	-0.046508	-0.007538	85
此	-0.046540	-0.007540	7632
胶	-0.046838	-0.007558	84
活	-0.047625	-0.007607	161
增	-0.047691	-0.007611	188
截	-0.048017	-0.007631	139
却	-0.048093	-0.007635	2148
浩	-0.048171	-0.007640	453
阡	-0.048628	-0.007668	72
辜	-0.048712	-0.007673	81
菰	-0.049140	-0.007700	92
箕	-0.049182	-0.007702	71
辱	-0.049395	-0.007715	189
秦	-0.049432	-0.007717	1732
澹	-0.049541	-0.007724	402
所	-0.049567	-0.007726	2561
鸱	-0.050278	-0.007769	73
胧	-0.050379	-0.007776	89
麋	-0.050401	-0.007777	135
懒	-0.050705	-0.007796	447
穴	-0.050752	-0.007798	293
霍	-0.051433	-0.007840	114
误	-0.051860	-0.007867	327
战	-0.051962	-0.007873	1056
散	-0.052140	-0.007884	1877
舟	-0.052225	-0.007889	2192
月	-0.052475	-0.007904	10360
事	-0.052577	-0.007910	5583
忌	-0.053113	-0.007943	109
澜	-0.053412	-0.007962	170
烟	-0.053739	-0.007982	5137
栊	-0.054091	-0.008003	84
匣	-0.054457	-0.008026	266
狂	-0.054801	-0.008047	874
搔	-0.054870	-0.008051	109
帙	-0.054874	-0.008051	67
幼	-0.054950	-0.008056	81
篱	-0.055320	-0.008079	421
筇	-0.055707	-0.008103	76
微	-0.055868	-0.008112	2511
干	-0.055890	-0.008114	1140
手	-0.055973	-0.008119	1625
粒	-0.056510	-0.008152	107
慨	-0.056690	-0.008163	98
锋	-0.056729	-0.008165	168
拳	-0.056863	-0.008173	91
藤	-0.056920	-0.008177	335
波	-0.057193	-0.008194	2607
牵	-0.057724	-0.008226	599
珰	-0.057828	-0.008233	64
魔	-0.057958	-0.008241	80
商	-0.058205	-0.008256	530
复	-0.058948	-0.008301	3667
惜	-0.059040	-0.008307	1279
见	-0.059136	-0.008313	7347
偈	-0.059227	-0.008319	99
勉	-0.059400	-0.008329	107
匀	-0.059787	-0.008353	121
使	-0.060078	-0.008371	1810
涂	-0.060118	-0.008373	164
享	-0.060361	-0.008388	112
年	-0.060363	-0.008388	8424
咫	-0.060509	-0.008397	122
磷	-0.060650	-0.008406	74
岸	-0.060795	-0.008415	1489
前	-0.060989	-0.008427	5519
识	-0.061022	-0.008429	1506
脉	-0.061040	-0.008430	198
漂	-0.061528	-0.008460	164
革	-0.061859	-0.008480	66
恍	-0.062358	-0.008511	55
慵	-0.062429	-0.008515	319
狖	-0.062886	-0.008543	86
侵	-0.062899	-0.008544	883
鸟	-0.063180	-0.008561	3319
副	-0.063241	-0.008565	54
纬	-0.063297	-0.008568	53
翳	-0.063312	-0.008569	156
多	-0.063662	-0.008591	6277
漏	-0.063942	-0.008608	735
里	-0.064000	-0.008612	6692
巅	-0.064067	-0.008616	94
存	-0.064182	-0.008623	616
十	-0.064253	-0.008627	3155
帘	-0.064685	-0.008654	1036
缘	-0.065106	-0.008679	1030
峒	-0.065323	-0.008693	59
米	-0.065330	-0.008693	136
妃	-0.065436	-0.008700	272
辞	-0.066016	-0.008735	1515
艰	-0.066385	-0.008758	219
梭	-0.067242	-0.008810	84
欹	-0.067297	-0.008814	348
觉	-0.067635	-0.008835	1701
骸	-0.067847	-0.008848	108
问	-0.068194	-0.008869	2597
羁	-0.068909	-0.008913	486
凝	-0.069229	-0.008932	997
圭	-0.069670	-0.008959	105
薪	-0.069763	-0.008965	138
缠	-0.069856	-0.008971	145
咨	-0.070300	-0.008998	70
蛮	-0.070793	-0.009028	330
眇	-0.071382	-0.009065	146
眠	-0.071902	-0.009096	1110
半	-0.072011	-0.009103	2505
容	-0.072128	-0.009110	1626
长	-0.072506	-0.009133	8699
租	-0.072620	-0.009141	52
罢	-0.072895	-0.009157	1010
角	-0.073004	-0.009164	771
怯	-0.073155	-0.009173	181
晚	-0.073215	-0.009177	2898
僻	-0.073693	-0.009206	201
遗	-0.073993	-0.009225	1180
饯	-0.074402	-0.009250	131
寺	-0.074917	-0.009281	1407
债	-0.074985	-0.009286	53
倚	-0.075312	-0.009306	1428
原	-0.075553	-0.009321	907
抛	-0.076572	-0.009383	455
税	-0.076697	-0.009391	123
蓄	-0.076753	-0.009394	50
未	-0.077214	-0.009422	6678
西	-0.077236	-0.009424	4774
枝	-0.077422	-0.009435	2743
想	-0.077694	-0.009452	1056
肯	-0.077919	-0.009466	714
坏	-0.078205	-0.009483	159
璃	-0.078211	-0.009484	87
舂	-0.078687	-0.009513	111
閟	-0.078863	-0.009524	68
话	-0.078982	-0.009531	467
隋	-0.079382	-0.009556	190
盥	-0.079471	-0.009561	50
对	-0.079737	-0.009577	2228
纱	-0.080285	-0.009611	321
铿	-0.080588	-0.009630	72
触	-0.080670	-0.009635	353
刍	-0.081400	-0.009679	73
巉	-0.081439	-0.009682	50
吼	-0.081448	-0.009682	76
戚	-0.081646	-0.009694	244
短	-0.083194	-0.009789	692
限	-0.083634	-0.009816	544
痴	-0.083790	-0.009826	106
榛	-0.084167	-0.009849	115
迥	-0.084237	-0.009853	527
终	-0.084251	-0.009854	2745
慎	-0.084877	-0.009893	123
立	-0.085518	-0.009932	1358
垄	-0.086329	-0.009982	103
薜	-0.086990	-0.010022	180
剩	-0.087061	-0.010027	105
筒	-0.087120	-0.010030	52
栗	-0.087342	-0.010044	125
曾	-0.087982	-0.010083	2246
肌	-0.088386	-0.010108	149
壁	-0.088689	-0.010127	892
娥	-0.089204	-0.010158	370
迸	-0.089481	-0.010175	163
攻	-0.090128	-0.010215	85
褐	-0.090132	-0.010215	137
涉	-0.090262	-0.010223	201
况	-0.090881	-0.010261	827
今	-0.091487	-0.010298	5725
绵	-0.091490	-0.010299	322
汲	-0.092271	-0.010346	160
榆	-0.092918	-0.010386	238
甘	-0.092928	-0.010387	710
浙	-0.093150	-0.010400	76
巴	-0.093356	-0.010413	595
黔	-0.093389	-0.010415	77
头	-0.093483	-0.010421	3835
吟	-0.093500	-0.010422	2886
佞	-0.093571	-0.010426	63
烽	-0.093629	-0.010430	215
吹	-0.093969	-0.010451	2326
袂	-0.094092	-0.010458	231
叶	-0.094285	-0.010470	3378
怪	-0.094858	-0.010505	494
漆	-0.095310	-0.010533	98
速	-0.095954	-0.010572	183
蓑	-0.095960	-0.010573	97
低	-0.096538	-0.010608	1123
樯	-0.097177	-0.010648	139
说	-0.097712	-0.010680	1230
掣	-0.098388	-0.010722	59
揽	-0.098418	-0.010724	79
恶	-0.098917	-0.010754	380
程	-0.099065	-0.010763	673
眼	-0.099284	-0.010777	1346
仆	-0.099484	-0.010789	218
何	-0.099583	-0.010795	11661
屈	-0.099678	-0.010801	408
琴	-0.099769	-0.010807	1417
乌	-0.099831	-0.010810	745
望	-0.100022	-0.010822	4234
玕	-0.100451	-0.010848	82
竹	-0.101014	-0.010883	3089
嗤	-0.101271	-0.010899	54
奈	-0.101504	-0.010913	532
到	-0.102064	-0.010947	3453
苔	-0.102068	-0.010948	1268
谿	-0.102330	-0.010964	180
祸	-0.102879	-0.010997	181
贫	-0.103000	-0.011005	1126
证	-0.103263	-0.011021	53
者	-0.103763	-0.011052	1872
余	-0.103945	-0.011063	408
迟	-0.104664	-0.011107	1507
救	-0.104929	-0.011123	158
裳	-0.105155	-0.011137	505
破	-0.105398	-0.011152	1018
粉	-0.105521	-0.011160	749
卧	-0.105861	-0.011181	1392
打	-0.105885	-0.011182	193
错	-0.106184	-0.011200	191
患	-0.106197	-0.011201	120
馆	-0.106566	-0.011224	731
徽	-0.106606	-0.011226	150
扉	-0.107334	-0.011271	481
曛	-0.107662	-0.011291	148
数	-0.108049	-0.011315	1893
柴	-0.109666	-0.011414	308
嵘	-0.110006	-0.011435	88
囚	-0.110052	-0.011438	111
背	-0.110305	-0.011453	639
缓	-0.110993	-0.011495	177
斫	-0.111165	-0.011506	90
怀	-0.111703	-0.011539	1868
脸	-0.111735	-0.011541	203
灭	-0.111898	-0.011551	649
婵	-0.112292	-0.011575	160
蓟	-0.112595	-0.011594	102
宋	-0.113239	-0.011633	259
缅	-0.113524	-0.011651	109
匠	-0.113562	-0.011653	113
行	-0.113898	-0.011674	7353
处	-0.113916	-0.011675	5850
曝	-0.113921	-0.011675	62
桑	-0.113928	-0.011676	758
浦	-0.114909	-0.011736	934
襦	-0.114964	-0.011739	72
湲	-0.115456	-0.011769	182
顽	-0.115939	-0.011799	118
乖	-0.116125	-0.011810	172
更	-0.116327	-0.011823	4432
母	-0.116463	-0.011831	478
闻	-0.117225	-0.011878	4519
皮	-0.117387	-0.011888	148
向	-0.117945	-0.011922	4463
僧	-0.117998	-0.011925	1608
鸦	-0.118427	-0.011952	299
支	-0.118539	-0.011959	406
巢	-0.118889	-0.011980	633
祭	-0.119396	-0.012011	109
起	-0.119956	-0.012046	3168
嫖	-0.120419	-0.012074	64
回	-0.120419	-0.012074	4856
缆	-0.121298	-0.012128	78
深	-0.122239	-0.012186	5110
急	-0.122733	-0.012216	904
折	-0.122770	-0.012218	1128
惯	-0.122771	-0.012218	159
屦	-0.123705	-0.012276	54
边	-0.123791	-0.012281	3120
欲	-0.124700	-0.012337	4731
屠	-0.124839	-0.012345	66
峥	-0.125061	-0.012359	91
给	-0.125393	-0.012379	70
蓬	-0.125753	-0.012401	1078
努	-0.126031	-0.012418	56
憎	-0.126218	-0.012430	108
炎	-0.126540	-0.012450	399
砾	-0.127018	-0.012479	52
蹉	-0.127113	-0.012485	215
羌	-0.127209	-0.012491	162
抚	-0.127539	-0.012511	257
傍	-0.127547	-0.012511	1017
眉	-0.127836	-0.012529	945
栖	-0.127949	-0.012536	1238
黄	-0.128645	-0.012579	3579
语	-0.128955	-0.012598	1973
远	-0.129036	-0.012603	5699
雌	-0.129266	-0.012617	106
跎	-0.129328	-0.012621	208
弟	-0.129638	-0.012640	573
伶	-0.130588	-0.012698	59
收	-0.130831	-0.012713	914
窦	-0.130885	-0.012716	117
灞	-0.131392	-0.012747	245
闷	-0.132305	-0.012803	110
帆	-0.132616	-0.012822	1028
扣	-0.132635	-0.012824	151
人	-0.133472	-0.012875	19283
桓	-0.133526	-0.012878	58
心	-0.133683	-0.012888	8494
阿	-0.133689	-0.012888	267
暴	-0.134140	-0.012916	98
爪	-0.135346	-0.012990	82
朔	-0.135639	-0.013008	386
卒	-0.135861	-0.013022	199
勤	-0.136419	-0.013056	694
寓	-0.138021	-0.013154	107
朦	-0.138326	-0.013173	66
响	-0.138530	-0.013185	629
韵	-0.138940	-0.013211	484
身	-0.139165	-0.013224	4214
逆	-0.139368	-0.013237	126
簟	-0.139429	-0.013241	326
唳	-0.139554	-0.013248	100
慰	-0.139713	-0.013258	259
怕	-0.139834	-0.013265	258
尽	-0.140117	-0.013283	5163
烬	-0.140230	-0.013290	108
涸	-0.141216	-0.013350	61
滥	-0.141307	-0.013356	68
凛	-0.141670	-0.013378	60
嗟	-0.141727	-0.013382	725
几	-0.141745	-0.013383	3311
桧	-0.142164	-0.013408	70
竟	-0.142238	-0.013413	818
危	-0.142365	-0.013421	785
邓	-0.142771	-0.013446	50
斑	-0.142945	-0.013456	279
易	-0.143099	-0.013466	1238
汝	-0.143385	-0.013483	332
住	-0.143575	-0.013495	1102
鼙	-0.144371	-0.013544	166
江	-0.145892	-0.013637	6951
感	-0.145928	-0.013639	1146
娘	-0.145972	-0.013642	100
宿	-0.146326	-0.013664	1942
只	-0.146364	-0.013666	2007
漳	-0.146578	-0.013679	129
斜	-0.146886	-0.013698	1533
烦	-0.148128	-0.013774	422
递	-0.149581	-0.013864	319
迷	-0.149877	-0.013882	995
鸪	-0.150238	-0.013904	120
蓼	-0.150958	-0.013948	98
琵	-0.151720	-0.013995	101
琶	-0.151720	-0.013995	101
难	-0.153144	-0.014082	3825
消	-0.153420	-0.014099	784
坠	-0.153532	-0.014106	354
峡	-0.153723	-0.014118	512
冶	-0.153858	-0.014126	86
床	-0.154100	-0.014141	908
蛛	-0.154110	-0.014141	69
邛	-0.154266	-0.014151	79
剥	-0.155444	-0.014223	50
沥	-0.155889	-0.014251	114
喉	-0.156624	-0.014296	66
湓	-0.156762	-0.014304	75
庚	-0.156787	-0.014306	50
缺	-0.156902	-0.014313	178
索	-0.157460	-0.014347	415
抱	-0.157618	-0.014357	773
潮	-0.158509	-0.014411	703
验	-0.158801	-0.014429	67
夕	-0.159311	-0.014461	2094
梳	-0.159516	-0.014473	238
往	-0.159940	-0.014499	1477
绊	-0.160238	-0.014518	50
经	-0.160285	-0.014521	2328
沙	-0.160771	-0.014550	2093
弹	-0.160801	-0.014552	541
免	-0.161000	-0.014564	431
琳	-0.162205	-0.014638	51
稀	-0.162213	-0.014639	1184
黑	-0.162757	-0.014672	469
鹧	-0.164434	-0.014775	120
帷	-0.164586	-0.014784	271
兮	-0.164591	-0.014785	618
飘	-0.164849	-0.014801	1240
胡	-0.165338	-0.014831	1360
枥	-0.165416	-0.014835	62
幌	-0.165733	-0.014855	123
莓	-0.166593	-0.014908	154
巾	-0.166768	-0.014918	522
茎	-0.167092	-0.014938	217
隔	-0.167595	-0.014969	1561
绪	-0.168213	-0.015007	213
鼠	-0.168622	-0.015032	171
骚	-0.169737	-0.015101	248
羸	-0.170856	-0.015169	286
情	-0.170941	-0.015174	4014
杜	-0.171061	-0.015182	512
旧	-0.171143	-0.015187	3703
魄	-0.171319	-0.015198	333
曷	-0.171507	-0.015209	53
帅	-0.171670	-0.015219	65
犹	-0.172122	-0.015247	3616
噪	-0.172613	-0.015277	163
无	-0.172780	-0.015287	14542
飙	-0.172897	-0.015294	187
送	-0.172993	-0.015300	1859
碑	-0.173531	-0.015333	242
铭	-0.174655	-0.015402	137
魅	-0.174885	-0.015416	68
首	-0.175551	-0.015457	1546
蠡	-0.176187	-0.015496	96
罥	-0.176713	-0.015529	54
疏	-0.176741	-0.015530	1796
瘴	-0.176859	-0.015538	279
忆	-0.177087	-0.015552	2221
生	-0.177256	-0.015562	8764
捣	-0.177274	-0.015563	140
韬	-0.177368	-0.015569	69
声	-0.178096	-0.015614	5833
翎	-0.178748	-0.015654	79
帏	-0.179416	-0.015695	133
木	-0.179992	-0.015730	2072
慈	-0.180483	-0.015760	177
淫	-0.181001	-0.015792	100
已	-0.181179	-0.015803	4860
衰	-0.181395	-0.015816	1139
谁	-0.181595	-0.015828	4750
芦	-0.182399	-0.015878	315
逗	-0.182649	-0.015893	52
去	-0.182886	-0.015907	7319
筱	-0.183282	-0.015932	64
煎	-0.183402	-0.015939	164
返	-0.183470	-0.015943	425
沉	-0.183576	-0.015950	840
形	-0.183762	-0.015961	810
医	-0.184962	-0.016035	107
阑	-0.185079	-0.016042	556
父	-0.185102	-0.016043	417
听	-0.185141	-0.016046	1900
纨	-0.186163	-0.016109	73
老	-0.186439	-0.016126	4011
粱	-0.186646	-0.016138	85
冈	-0.186852	-0.016151	171
号	-0.187549	-0.016194	374
鹤	-0.188125	-0.016229	2132
髭	-0.188551	-0.016255	113
葭	-0.189530	-0.016315	148
厅	-0.189762	-0.016329	57
员	-0.189988	-0.016343	59
归	-0.190935	-0.016401	8025
枢	-0.191216	-0.016419	88
孺	-0.192519	-0.016499	55
寸	-0.192617	-0.016505	417
墟	-0.193327	-0.016548	124
轧	-0.193723	-0.016573	56
悉	-0.193910	-0.016584	64
叙	-0.196375	-0.016735	73
悄	-0.196509	-0.016744	141
窄	-0.197379	-0.016797	103
乱	-0.197644	-0.016813	1674
迢	-0.197714	-0.016817	443
穷	-0.198486	-0.016865	1723
嫁	-0.198982	-0.016895	249
焦	-0.200037	-0.016960	132
根	-0.201036	-0.017021	908
炊	-0.201047	-0.017022	75
漠	-0.201128	-0.017027	378
鸢	-0.201712	-0.017063	83
冢	-0.202094	-0.017086	180
禀	-0.202421	-0.017106	60
裴	-0.202473	-0.017110	405
古	-0.202491	-0.017111	3857
芜	-0.203200	-0.017154	418
崆	-0.203949	-0.017200	56
关	-0.204123	-0.017211	2643
久	-0.205214	-0.017278	2018
臆	-0.205666	-0.017306	64
予	-0.205854	-0.017317	313
嘶	-0.206022	-0.017327	364
槐	-0.206158	-0.017336	317
鬼	-0.206240	-0.017341	462
不	-0.207390	-0.017411	23446
客	-0.207455	-0.017415	6200
曰	-0.208473	-0.017478	74
贾	-0.209329	-0.017530	265
桐	-0.209682	-0.017552	562
舄	-0.210509	-0.017603	68
荻	-0.210742	-0.017617	98
亮	-0.210880	-0.017625	83
仓	-0.211136	-0.017641	129
宦	-0.213384	-0.017779	388
鸿	-0.213744	-0.017801	943
悔	-0.215660	-0.017919	160
谪	-0.215845	-0.017930	257
谙	-0.216999	-0.018001	113
枭	-0.217250	-0.018016	51
醺	-0.218908	-0.018118	56
枣	-0.219481	-0.018153	71
店	-0.219527	-0.018156	108
棘	-0.219581	-0.018159	181
瞿	-0.219923	-0.018180	57
幔	-0.222030	-0.018310	64
宵	-0.222145	-0.018317	758
弦	-0.222626	-0.018346	1208
窠	-0.222799	-0.018357	75
苍	-0.224002	-0.018431	1662
念	-0.224190	-0.018442	1171
尼	-0.225435	-0.018519	75
蹰	-0.225934	-0.018549	119
切	-0.228386	-0.018700	386
醒	-0.228751	-0.018722	482
狗	-0.230860	-0.018852	62
闭	-0.231072	-0.018865	836
思	-0.232366	-0.018944	4996
徘	-0.232958	-0.018980	150
沈	-0.233587	-0.019019	799
责	-0.234118	-0.019052	62
征	-0.234823	-0.019095	1529
娟	-0.236044	-0.019170	220
杼	-0.236369	-0.019190	68
败	-0.236896	-0.019222	185
又	-0.236912	-0.019223	1982
暝	-0.237986	-0.019289	294
粮	-0.238001	-0.019290	88
寐	-0.240856	-0.019465	222
途	-0.241883	-0.019528	652
锁	-0.244337	-0.019679	519
暌	-0.244447	-0.019685	50
掩	-0.245152	-0.019729	1087
枫	-0.245261	-0.019735	306
村	-0.246214	-0.019794	977
窗	-0.246837	-0.019832	1723
渺	-0.247828	-0.019893	268
徊	-0.247893	-0.019897	183
妇	-0.249628	-0.020003	484
废	-0.250527	-0.020059	374
涯	-0.251151	-0.020097	795
默	-0.251402	-0.020112	266
妾	-0.254552	-0.020306	620
唯	-0.254611	-0.020309	1974
闺	-0.255245	-0.020348	347
炙	-0.256649	-0.020434	72
忧	-0.261696	-0.020744	1320
踟	-0.264027	-0.020887	109
趾	-0.264550	-0.020919	51
飕	-0.265602	-0.020984	62
役	-0.265660	-0.020987	339
巫	-0.266087	-0.021014	397
疲	-0.266142	-0.021017	220
妻	-0.266151	-0.021017	351
墓	-0.266960	-0.021067	141
倦	-0.269485	-0.021222	309
单	-0.269704	-0.021235	313
雨	-0.271895	-0.021370	5741
飒	-0.273781	-0.021486	256
蕉	-0.274135	-0.021507	138
潺	-0.274176	-0.021510	258
蒹	-0.274565	-0.021534	94
恐	-0.274614	-0.021537	853
僮	-0.275934	-0.021618	125
骨	-0.278793	-0.021793	1035
绝	-0.278942	-0.021802	1821
岐	-0.279477	-0.021835	394
苇	-0.280072	-0.021872	133
虫	-0.281229	-0.021943	478
腐	-0.282060	-0.021994	58
沾	-0.282115	-0.021997	711
梗	-0.282456	-0.022018	69
续	-0.283251	-0.022067	305
痕	-0.283269	-0.022068	417
孰	-0.283863	-0.022104	164
病	-0.284289	-0.022131	1796
弊	-0.284707	-0.022156	81
路	-0.285245	-0.022189	5355
埋	-0.288264	-0.022374	315
恼	-0.290000	-0.022481	123
泊	-0.290611	-0.022519	396
崎	-0.292832	-0.022655	62
岘	-0.293000	-0.022665	116
竺	-0.293766	-0.022712	72
辛	-0.294826	-0.022777	492
丧	-0.296471	-0.022878	196
销	-0.296815	-0.022899	807
梧	-0.297153	-0.022920	440
饿	-0.297401	-0.022935	59
空	-0.297902	-0.022966	7073
莽	-0.301255	-0.023172	124
邙	-0.302451	-0.023245	65
嗜	-0.303621	-0.023317	59
枪	-0.308433	-0.023612	83
肉	-0.308665	-0.023627	318
楚	-0.309107	-0.023654	2096
肝	-0.311158	-0.023779	106
芭	-0.312521	-0.023863	66
驴	-0.312708	-0.023875	62
罪	-0.314966	-0.024013	161
损	-0.315773	-0.024063	174
湿	-0.316360	-0.024099	829
塞	-0.319703	-0.024304	1330
耿	-0.319974	-0.024321	171
夜	-0.320590	-0.024358	7047
婴	-0.320812	-0.024372	140
旅	-0.321970	-0.024443	732
惊	-0.323976	-0.024566	2356
堪	-0.327329	-0.024772	1878
堕	-0.328436	-0.024840	401
筝	-0.328542	-0.024846	147
槁	-0.328585	-0.024849	56
版	-0.328792	-0.024862	55
霜	-0.329275	-0.024891	2700
衾	-0.336116	-0.025311	183
潇	-0.336854	-0.025356	368
葬	-0.337402	-0.025390	202
故	-0.339243	-0.025503	2997
鬓	-0.342159	-0.025682	1090
蝉	-0.342906	-0.025728	888
枯	-0.344367	-0.025818	713
叹	-0.347649	-0.026019	1021
失	-0.347767	-0.026026	950
衲	-0.351206	-0.026237	144
笳	-0.354918	-0.026465	264
婆	-0.355751	-0.026516	75
挽	-0.356802	-0.026581	75
逝	-0.357742	-0.026638	176
萤	-0.358275	-0.026671	272
戍	-0.359108	-0.026722	483
秣	-0.359694	-0.026758	56
诉	-0.360481	-0.026806	97
血	-0.363040	-0.026963	501
陇	-0.364351	-0.027044	489
枕	-0.365175	-0.027094	1005
灯	-0.365548	-0.027117	1263
瘦	-0.365929	-0.027141	285
没	-0.367392	-0.027231	757
淡	-0.367732	-0.027251	295
摧	-0.371800	-0.027501	421
谗	-0.373135	-0.027583	88
怒	-0.375112	-0.027704	178
迫	-0.375983	-0.027758	117
肺	-0.376794	-0.027808	74
寥	-0.380446	-0.028032	738
冷	-0.382942	-0.028185	1174
梦	-0.385013	-0.028312	2960
亡	-0.385697	-0.028354	382
条	-0.387622	-0.028472	1156
箸	-0.392401	-0.028765	96
忍	-0.393981	-0.028862	480
独	-0.394178	-0.028874	4595
吠	-0.399719	-0.029214	87
潸	-0.399890	-0.029225	61
荒	-0.401041	-0.029296	1368
昏	-0.403457	-0.029444	914
冤	-0.404673	-0.029518	221
饥	-0.405779	-0.029586	511
杵	-0.407414	-0.029687	122
秋	-0.410765	-0.029892	7826
辘	-0.414690	-0.030133	64
凉	-0.424852	-0.030757	1628
惧	-0.429714	-0.031055	133
乡	-0.430988	-0.031133	2524
娑	-0.431898	-0.031189	56
疮	-0.432160	-0.031205	84
砧	-0.432650	-0.031235	270
怅	-0.434241	-0.031333	1082
碛	-0.438873	-0.031617	201
吁	-0.440395	-0.031711	102
瑟	-0.444939	-0.031990	392
寒	-0.449027	-0.032240	6086
暗	-0.450069	-0.032304	1669
暮	-0.452904	-0.032478	3032
惆	-0.453182	-0.032495	764
怆	-0.459923	-0.032909	141
岖	-0.460296	-0.032932	67
茫	-0.460455	-0.032942	580
伍	-0.465022	-0.033222	74
轳	-0.466291	-0.033300	62
滴	-0.467365	-0.033366	654
苦	-0.467787	-0.033392	2106
啼	-0.468250	-0.033420	1324
酸	-0.470649	-0.033567	113
雁	-0.471391	-0.033613	1921
淅	-0.475300	-0.033853	89
落	-0.487829	-0.034622	5933
湘	-0.490660	-0.034795	1146
坟	-0.496153	-0.035133	286
孤	-0.496200	-0.035135	2877
叫	-0.510151	-0.035992	264
恨	-0.511810	-0.036093	1804
死	-0.513022	-0.036168	1591
庵	-0.519283	-0.036552	54
泣	-0.526033	-0.036966	563
笛	-0.530500	-0.037240	449
残	-0.533339	-0.037415	2273
黯	-0.534115	-0.037462	94
憔	-0.536531	-0.037611	227
猿	-0.538212	-0.037714	1224
吊	-0.555936	-0.038801	237
寂	-0.577894	-0.040149	1614
凋	-0.578910	-0.040211	367
溺	-0.584468	-0.040552	59
痛	-0.585146	-0.040594	140
零	-0.588238	-0.040784	477
涕	-0.598511	-0.041414	245
哀	-0.602379	-0.041652	754
蛩	-0.608328	-0.042017	142
肠	-0.609923	-0.042115	905
咽	-0.614390	-0.042389	450
悴	-0.616108	-0.042494	266
萧	-0.619354	-0.042693	1462
惨	-0.620992	-0.042794	289
恸	-0.640326	-0.043980	86
断	-0.646476	-0.044358	2362
蟀	-0.646638	-0.044368	62
蟋	-0.646638	-0.044368	62
寞	-0.649542	-0.044546	612
恻	-0.654164	-0.044830	85
别	-0.661327	-0.045269	4926
哭	-0.695818	-0.047386	544
愁	-0.697340	-0.047479	4119
呜	-0.715146	-0.048572	153
魂	-0.724200	-0.049128	1131
离	-0.731425	-0.049571	3186
怨	-0.754572	-0.050992	780
伤	-0.770338	-0.051959	1454
悲	-0.792468	-0.053317	2148
凄	-0.942487	-0.062524	653
泪	-1.000000	-0.066053	2007
